track_name,artist_name,genre,danceability,energy,valence,tempo,acousticness,instrumentalness,liveness,speechiness,popularity
Late Night Talking,Blackpink,Rock,0.5060584383111792,0.8111927431158825,0.47401184944608465,167.15222192334892,0.19806710668547522,0.13464834268818437,0.0026427817458870794,0.12414739063050757,35
Anti-Hero,Lizzo,Latin,0.60179898737017,0.6537532815028149,0.5062431430906049,99.5700395789867,0.7903817709505586,0.4621586205125555,0.08754697366056106,0.14806780404682382,59
About Damn Time,Ed Sheeran,Country,0.6271207701237969,0.7246716514650704,0.6128774605838141,126.52727560670345,0.24545046282349325,0.3666754933325889,0.2195908198395963,0.07920705180007406,34
Kill Bill,Billie Eilish,Rock,0.6116137630889116,0.865037922543125,0.7264260996321872,178.52068251289165,0.18012181766577476,0.4943351721801154,0.10192765685396063,0.1846514104084615,40
HUMBLE.,Miley Cyrus,Pop,0.871935026107217,0.7549039484587585,0.5360745983975017,136.21625197402034,0.14260840938253586,0.31126681193951333,0.06917757632261198,0.09252211578276613,92
Last Night,Justin Bieber,Alternative,0.4663659034675881,0.40096759483448663,0.5468841392702741,83.48273652189447,0.34856616185164113,0.3020621034180711,0.07496425348880964,0.1831624381216613,41
Last Night,Billie Eilish,R&B/Soul,0.6199847988501008,0.38460408732499574,0.2521992220137055,72.43676205341072,0.04547255919294289,0.442393056021286,0.12591891066342914,0.046307003079093925,26
Hold Me Closer,Lil Baby,Alternative,0.7261400502760647,0.5148350988650785,0.6282611506353712,100.55942999206077,0.3591418431619753,0.030725579755447596,0.16541677399520946,0.10888814627322063,54
Last Night,Ariana Grande,R&B/Soul,0.7891522783681361,0.3260683009050476,0.2591470024668691,67.59675217631353,0.597975723544858,0.19888065838438712,0.09564662647073702,0.13744213809241723,78
Anti-Hero,Olivia Rodrigo,Hip-Hop/Rap,0.7854327669854991,0.6496269811996568,0.38445218042704427,97.45855132763648,0.7182822443433681,0.4594352417720241,0.11448528678296192,0.07055989369797884,70
Late Night Talking,Billie Eilish,K-Pop,0.5986637586889831,0.48186224340623574,0.6655201738055334,105.89257903737008,0.6870072950590846,0.380761872956765,0.16610504285024394,0.145663159694294,24
Pink Venom,Dua Lipa,Indie,0.5945720966875068,0.42000778793429383,0.5781122528293496,125.82218338070574,0.7346425012273531,0.32834238870776616,0.21718374361888448,0.0340123991548982,93
Unholy,Blackpink,Electronic/Dance,0.7367692625064838,0.48085231294641917,0.654510757392984,112.74098173742372,0.45100178413982084,0.17549802889737592,0.2954032526619109,0.1387025912702415,83
As It Was,Blackpink,Indie,0.6549012746782675,0.7109759299319065,0.6296951110355389,87.9524059111129,0.5370294561047952,0.05027170179269941,0.2788514062540824,0.1252178043343965,41
Break My Soul,BTS,Hip-Hop/Rap,0.7544558481815684,0.7044275018155032,0.5164120991416632,90.66809105670191,0.20881620339344817,0.2636405891178079,0.29678321318441564,0.006943735219257752,80
Last Night,Morgan Wallen,Electronic/Dance,0.5899287821349845,0.4135356025620742,0.382867890412613,96.30638779308745,0.649547273643632,0.35460236297983405,0.2211465808103231,0.13947797655528285,63
Flowers,Kendrick Lamar,R&B/Soul,0.7482577099214169,0.5401244875906454,0.28608268014290894,67.05028369069967,0.2694174365542654,0.24985363238212066,0.24139268226250327,0.09087772540696858,48
As It Was,BTS,R&B/Soul,0.5755919761083237,0.39424654023971567,0.4631167068687661,66.8409158285235,0.6670287094582599,0.07800141994521881,0.15317170959898696,0.19250555785598003,98
Kill Bill,Blackpink,Country,0.46602262703080255,0.48061441283384193,0.34963597401494056,121.52123618251326,0.6791323862050969,0.03634932688076559,0.29203908554115443,0.01488290843126221,80
Flowers,Morgan Wallen,Electronic/Dance,0.6693639509720806,0.42403583927241506,0.47673925815884327,134.72096484030175,0.5275461456933048,0.1925083508319564,0.12120079233690428,0.08453022121722631,53
About Damn Time,Ariana Grande,K-Pop,0.7390851297688523,0.6333298058385513,0.6968720078592914,108.9414043094777,0.43162664921278204,0.45865821980791416,0.04226211306744876,0.16836209549102205,88
Late Night Talking,Ed Sheeran,Country,0.5312645294054594,0.47474508868182475,0.37932674923401166,138.5750547800184,0.2504392606529652,0.3676513871069847,0.055834754954533695,0.020998609863298115,77
Unholy,Drake,Rock,0.3633522794778444,0.8361715879969625,0.6764771752336805,164.77641663325198,0.7969903639901932,0.12931092718427567,0.27096693095125507,0.025004041962163815,70
As It Was,Justin Bieber,Country,0.5740248531599536,0.4755242899104773,0.37776820627207086,88.89782585650522,0.5003200141268894,0.03405224110573274,0.1502635213667257,0.018302157692487886,54
Hold Me Closer,Justin Bieber,Country,0.43936667232978555,0.6834744507698076,0.39119854111527946,92.66909820064689,0.734101103505424,0.2752680251198764,0.2651509161713915,0.0257311981105403,77
Break My Soul,Miley Cyrus,Latin,0.42629019093395226,0.6238669405880708,0.46521091892912625,102.24598214018137,0.3773742595026957,0.4541472123056587,0.03825759306944202,0.15291061685004836,100
Dynamite,The Weeknd,R&B/Soul,0.5560522161289689,0.6012786457373498,0.5059009218467121,90.72842154650964,0.5418628212357794,0.4535540121684989,0.2192163669594879,0.17026786953128933,100
Unholy,Bad Bunny,K-Pop,0.44797342084960173,0.6840365747087327,0.6894722772448971,121.19487334508035,0.34218876621209643,0.4142515988338942,0.21624013871354592,0.15474237568459726,60
About Damn Time,Bad Bunny,Latin,0.5034523370661919,0.691587913595042,0.6160256703647367,100.33997125632104,0.7079039951904462,0.23188277195068352,0.008914295608795886,0.0024450049082938245,85
Late Night Talking,Ed Sheeran,Country,0.6549207025315232,0.5018173198909222,0.42815401443547546,123.01665934819468,0.1614322187578761,0.2780838747842647,0.15952216494362867,0.016680053083773717,43
Unholy,Lil Baby,Rock,0.6187383196635156,0.7875221975459684,0.32252528771002725,154.99293902723167,0.5799800669790491,0.018388759796057974,0.11542411088253525,0.08769864362390199,20
About Damn Time,Lil Baby,Hip-Hop/Rap,0.8477423963595594,0.7612779511984196,0.503670057747397,83.65400434730904,0.6913906310266883,0.16617703630720793,0.056750595651281675,0.1608483075123848,64
HUMBLE.,Bad Bunny,Indie,0.6075333179231042,0.777641373372096,0.5294258726602943,97.34348474472412,0.7824662932798451,0.022263419791946848,0.10971643672108784,0.14069338693212016,21
Dynamite,Lil Baby,Indie,0.6326577134293689,0.41672074905827666,0.6667401319201828,134.57409101884065,0.5125787179399677,0.3338262403697204,0.20610821427149045,0.16864635635917696,34
Pink Venom,Ariana Grande,Indie,0.5233798844402267,0.6195999663952134,0.4717559147673378,115.53848019256834,0.26926637305661655,0.3705277550093858,0.2501826424288253,0.09302597655273444,57
Kill Bill,Blackpink,K-Pop,0.555718014549716,0.4732075293681244,0.34156109471722695,132.76534213663902,0.3192330733329842,0.2265042377540139,0.022609197780011102,0.13286619828266644,80
Hold Me Closer,The Weeknd,Pop,0.6981392342479626,0.6828570301319961,0.5261018002587352,127.01156600828648,0.22087718362891506,0.47301623218251604,0.09267126248659038,0.11878615780408402,82
Break My Soul,Doja Cat,Latin,0.7827938476607613,0.6728753304999098,0.6693532493956889,93.93643612533931,0.6352045557470395,0.4630049648563193,0.019260978852360545,0.16718597839059574,100
Pink Venom,Morgan Wallen,Pop,0.8434568469463555,0.5105545321791561,0.41863446859167847,136.92927662816223,0.42318627157525956,0.4630183820374546,0.11015469249165977,0.1255117280892087,66
Break My Soul,Dua Lipa,Indie,0.7964495944782137,0.43454410320241077,0.6463469662836344,98.04247438419358,0.2642399792607701,0.24812655045001858,0.10567446106741958,0.12945118447055265,80
Hold Me Closer,Taylor Swift,R&B/Soul,0.6578022834356954,0.5125506646373873,0.21086618583528943,70.20165258480907,0.384931019906156,0.18166443374509822,0.26258191733545383,0.09063674965732371,59
Flowers,BTS,Electronic/Dance,0.5045659501761333,0.6367765796978468,0.32088547918450055,126.2840733801884,0.389875771880114,0.40967499059680035,0.06729714205516762,0.09818422708789609,30
Dynamite,Doja Cat,Electronic/Dance,0.46394294600615055,0.620359324435102,0.6204534573747491,106.8365850744642,0.0734734319621901,0.3130458792161939,0.1653199903061667,0.15401282331928537,44
Late Night Talking,Olivia Rodrigo,Latin,0.5256215224800669,0.6784071380478851,0.5518800141743498,103.33730286334844,0.5901549398661532,0.3924662933992385,0.02186111402439339,0.09276140775666929,79
Flowers,Taylor Swift,Latin,0.5478892291608534,0.6005112704712022,0.3408451874817966,115.56593557964277,0.18271758695270296,0.4770967054080267,0.22961111735409406,0.13527936010752326,38
Pink Venom,Harry Styles,Electronic/Dance,0.5118817585365996,0.7566289333779851,0.6825994582135774,99.75822625935187,0.7736609093164661,0.4877766768154583,0.03119165954623576,0.15454026818086825,48
Flowers,Drake,Latin,0.48347734701810413,0.7714028982168383,0.31124939464263385,114.89925815511775,0.4632750795293733,0.3315845264275319,0.07987285211676899,0.02715686244306266,24
Dynamite,Ariana Grande,Pop,0.6324732163697505,0.6836168514901199,0.5073012288421183,101.4923166978876,0.3104132406570713,0.38066904306576527,0.01620258099360342,0.08763565115829107,95
Late Night Talking,Post Malone,Pop,0.6160788687106614,0.6514817884912298,0.5979763610716261,133.73173436983723,0.07441443720125065,0.2703859749122361,0.2579134074004522,0.19069650519422762,27
Unholy,Lil Baby,Hip-Hop/Rap,0.7406161505884694,0.7908450654471504,0.5192114264781187,107.86749714247576,0.5368307023067701,0.22695188977267317,0.08714297849521116,0.13497782570634273,66
Last Night,Miley Cyrus,Pop,0.6698795092207545,0.6312833370099101,0.607557206661447,134.2697815269945,0.3516856225335809,0.34554856499408865,0.05655531439092096,0.16660165310309563,66
Hold Me Closer,Dua Lipa,Rock,0.6835323008220664,0.9464061175242924,0.7524580663266112,156.7308332642831,0.7668125488690085,0.0956209210785341,0.024008375390364132,0.05149269694000454,55
Hold Me Closer,Ariana Grande,Indie,0.5986623986856598,0.7871789661067436,0.5540407376562613,122.64714760377571,0.5739420168965974,0.24917586516381585,0.22790168113581588,0.1608561686398975,98
Kill Bill,Miley Cyrus,K-Pop,0.7799294992059673,0.7845895734408519,0.4924502833891878,132.59024000483078,0.31250119106454055,0.4522181958746639,0.03424381492012096,0.009790415390434593,20
Late Night Talking,BTS,Indie,0.6168459906889987,0.5623541570839393,0.5305917099098634,107.77104961576443,0.6157924822928176,0.344624985561471,0.13772857138610434,0.16959675081053285,22
Flowers,BTS,Hip-Hop/Rap,0.7132308930534343,0.8338260015884421,0.6008887224718777,87.60677487463333,0.2706264558974561,0.2940805453044067,0.016774549222709656,0.1239446835100543,97
Vampire,Taylor Swift,Pop,0.6888399010341031,0.6884401110657035,0.5934251752384803,112.22323784399963,0.4487738861597199,0.12148841539738625,0.24233004014331033,0.1352372268088142,30
Late Night Talking,Ariana Grande,R&B/Soul,0.48315439190842063,0.6220729536840737,0.5315456006410195,84.90273603346088,0.3551305596202141,0.1414995598587096,0.13011794818254901,0.015773870070299845,31
Unholy,Ed Sheeran,Pop,0.8481042655979756,0.7152831380971375,0.6101515183805711,100.9732807882951,0.07826136878333721,0.2827214796484262,0.0759133806313508,0.06795673175105592,93
Anti-Hero,Lil Baby,K-Pop,0.4291326397599059,0.7839811204469731,0.5806014921185536,89.67851466672008,0.7666202697349558,0.13419319978267236,0.18586224306403828,0.14416219126907845,56
Flowers,Miley Cyrus,K-Pop,0.6829604081576419,0.763265516994742,0.4419992267217175,120.92148900430712,0.11830776482473154,0.38649892622657195,0.2080552067399344,0.12543163609638483,93
Flowers,Billie Eilish,R&B/Soul,0.40948081257250973,0.41409091883607596,0.47976378413282755,89.96605302785923,0.17056399130735242,0.4936978629622962,0.28273947892556933,0.032428541859709135,53
Dynamite,Billie Eilish,Alternative,0.7054829424096386,0.44105266600724335,0.4588760918832676,128.71450052843446,0.31739105854492655,0.33740121152815666,0.138085422955116,0.09576020092060969,81
Hold Me Closer,Blackpink,Pop,0.7057883151151476,0.6589678630170089,0.5778111898873295,122.64573956852259,0.647892616676526,0.4282638297392721,0.18655305197205332,0.17376403204030497,51
Dynamite,Miley Cyrus,Alternative,0.7879678304760103,0.5046130220951425,0.4138296348715518,91.07714170459742,0.2906941267568901,0.42170419431678313,0.07652449358476522,0.1806421459433165,32
Flowers,Miley Cyrus,Country,0.7094850880620928,0.642050396735695,0.6084730134526213,133.31684276718215,0.2725192132202334,0.19782836872349746,0.07843768416052917,0.12066546364567676,58
Hold Me Closer,Lizzo,Latin,0.4254003900191528,0.6711223244027036,0.6486607786906285,106.09381285484457,0.6714422233748131,0.09233534740719312,0.18478868563626422,0.19944594582228614,23
Pink Venom,Olivia Rodrigo,Country,0.7597249471034008,0.5883872994916031,0.44617530478219336,96.1732572011599,0.4729424212144846,0.008421673190303625,0.21827275326054665,0.0923682323065893,66
About Damn Time,Justin Bieber,Pop,0.7594512498061804,0.5137576165065622,0.4407561283959545,101.61294146735194,0.4400997619372506,0.19973332778641817,0.20417685456964782,0.08809862811011865,56
Hold Me Closer,Post Malone,Latin,0.41536582796932725,0.4504039244259679,0.38338355870222823,100.80166528452115,0.24208051178415105,0.05705976071097302,0.019584572963882607,0.14793869438447188,38
Last Night,Kendrick Lamar,Latin,0.618236390090714,0.7045173641432861,0.4206684468433685,134.66367277064896,0.31272514909687543,0.41678420741092875,0.2353006923954264,0.19395332050358424,51
Flowers,Olivia Rodrigo,Alternative,0.7085817590237853,0.42452991470328033,0.3511488994660255,124.8039555460391,0.6285723367210332,0.43861143541800485,0.046006400001223344,0.016679145221704574,91
HUMBLE.,Blackpink,Electronic/Dance,0.5338157966645495,0.42784891625517313,0.37536840657532733,138.87805310210953,0.6942977872201161,0.13389787148310256,0.25658999882651956,0.19339828913090792,38
Hold Me Closer,Lil Baby,Hip-Hop/Rap,0.704418379062905,0.6036873633900323,0.5480474440260857,99.87817114029197,0.7235686266020734,0.22492772241265346,0.2568083699233498,0.1569285867191651,66
Kill Bill,BTS,Electronic/Dance,0.431276996212564,0.7310509993681378,0.6918593064188826,126.98072485592219,0.17205362658204698,0.36767322929291885,0.04871806391041887,0.1485845124702964,26
Unholy,Ariana Grande,Electronic/Dance,0.6175084986387227,0.7882995223399059,0.5734677343839416,105.39412187535096,0.4444064571039499,0.4006465245919685,0.01741512293198164,0.13332676704525515,32
Late Night Talking,Harry Styles,Indie,0.5186856093879044,0.6921186911319281,0.5252130363788463,94.34886473694948,0.7763700151512587,0.21260900190221105,0.28650998840369224,0.06685874954932645,85
Hold Me Closer,Taylor Swift,Alternative,0.5757970699247026,0.4910598539195566,0.4188094013092718,122.98693761336096,0.2925163569367051,0.10679117380212227,0.2919606407717374,0.07625632948576994,58
Vampire,Doja Cat,K-Pop,0.43385946056897295,0.5890746790562105,0.44744672165361776,118.28230661629101,0.08993037867722675,0.4838569915701914,0.23610189839837753,0.09457168387297304,57
Break My Soul,Bad Bunny,Hip-Hop/Rap,0.8256684595340198,0.7166669979161675,0.6881602145350851,111.58484435108585,0.2691177422093232,0.13362311128948173,0.18804751675976758,0.030077490272344676,21
Break My Soul,Post Malone,Rock,0.45040251187151625,0.7390375539675317,0.31603694372987706,165.18283752805874,0.6497400338643069,0.48433854655409503,0.19914691505029894,0.044894519252768196,81
Hold Me Closer,Kendrick Lamar,Pop,0.7181989215943185,0.5382376401244691,0.4821810611772812,136.08586052177168,0.1592159861211819,0.198032522553107,0.16734174473146785,0.06789973623520391,78
Dynamite,Ariana Grande,Rock,0.41866849137973217,0.7124453361941083,0.6010331349449818,158.17256657667735,0.6037547795362174,0.04590908593211879,0.2912685921894161,0.03767269275335592,24
Dynamite,Dua Lipa,Indie,0.5948804946805544,0.5750049856142704,0.5218411143780554,114.99363657224771,0.215066495449884,0.017643193247322886,0.054852654507512956,0.13113789050619415,51
Hold Me Closer,Taylor Swift,Hip-Hop/Rap,0.8994486422060859,0.8465054397124138,0.42503244628979286,96.48819482777206,0.033570232092321906,0.36698673824363715,0.05561471889154722,0.04472382240125344,23
Unholy,Harry Styles,Alternative,0.41855501898598124,0.4251451984326867,0.30584548150000684,88.13271099684358,0.4502537610707867,0.08831606422554283,0.02231977995816702,0.17592331896025112,50
Vampire,Lil Baby,Rock,0.38474605032036746,0.769094716333476,0.5140107114164372,166.9355736474647,0.5430414900364321,0.32328009035871175,0.12853657663232473,0.03960977113117475,39
Unholy,Taylor Swift,Alternative,0.6591422138532508,0.6614154209260854,0.6384826201884846,121.26561497584565,0.1927969307297734,0.2725381704258158,0.035302465562289276,0.11078004667835131,88
HUMBLE.,Blackpink,Rock,0.34667316726265235,0.7448613085166762,0.6428183214253913,177.9143616939461,0.13197611198227213,0.1634156506440535,0.2353479115524157,0.19377486495261376,48
Pink Venom,Lizzo,Hip-Hop/Rap,0.8078777690990973,0.7378207574057813,0.5745188405366943,86.56320306066759,0.6605682127044916,0.27998121581631674,0.19109455782518006,0.08148348646221909,98
About Damn Time,Dua Lipa,Country,0.4678488641928642,0.7283442745898939,0.6571202355954274,106.737007080711,0.7596227158713688,0.3122319605012059,0.1807168292278592,0.03955751193148549,45
Break My Soul,BTS,K-Pop,0.4403357230362367,0.501687684625325,0.4299976695183645,83.02150660748308,0.20426357091942374,0.1163773690692958,0.06823531934833192,0.17250286035348228,31
Unholy,Post Malone,Hip-Hop/Rap,0.8475617556280612,0.7173324811025477,0.31154149819086585,83.1319421469258,0.4955035402081749,0.42643252271706467,0.08318860365320457,0.15570810112634403,44
Late Night Talking,Lil Baby,Electronic/Dance,0.7943399491095492,0.5190711996004905,0.422962192335056,86.08090306500763,0.3799939833375754,0.4280320535613141,0.2792304040321577,0.0871715745152879,26
About Damn Time,Taylor Swift,Electronic/Dance,0.669161673046723,0.7846775530732134,0.5146972540897887,89.77454614931585,0.2836963835419293,0.38745844142149605,0.11719298915773514,0.05711787802803006,25
Dynamite,Olivia Rodrigo,Electronic/Dance,0.4225562337570213,0.7519788022589879,0.6975996583237395,137.1815509897119,0.03365723913471648,0.4386472006540274,0.24845368894047273,0.18436569973862282,68
Late Night Talking,Dua Lipa,Electronic/Dance,0.47330914142442226,0.6599488675750056,0.5045323724166684,112.44763370851753,0.3792817981916196,0.33695888089498177,0.2465787226411482,0.11026334507975427,89
Vampire,Post Malone,Alternative,0.6452195471592208,0.528915357465817,0.49599505736760297,106.87457589434197,0.05657524473136793,0.47520221755628933,0.11698129968016652,0.12336293529714866,40
Unholy,Lil Baby,Latin,0.4990968121703638,0.5048212649056634,0.5494226490357458,131.8680780336404,0.06313343673737207,0.4120382197010572,0.26748965879097486,0.16310338370474034,72
HUMBLE.,Billie Eilish,Alternative,0.6689466770353135,0.6380239675491214,0.552740484171979,121.33847973645399,0.41998102419960665,0.24799773467353703,0.10105138026617322,0.09532160271755948,50
About Damn Time,Dua Lipa,Electronic/Dance,0.44406012033453135,0.7223819312447494,0.5264784473110812,106.25945634844675,0.20102546915421415,0.1428750187529238,0.23587674181897242,0.05701542957109887,80
Dynamite,Ed Sheeran,Electronic/Dance,0.6221978675709002,0.7849720043350861,0.36515007060298627,84.76411006517911,0.11099451072014972,0.15221673719141554,0.1557473340950655,0.18493572463138383,76
Hold Me Closer,Ed Sheeran,R&B/Soul,0.517611329071997,0.40107332498112497,0.41482143193601884,79.95625750007648,0.2711461158575303,0.24477643414415196,0.02700021019604416,0.05206791785287306,33
As It Was,Olivia Rodrigo,Latin,0.4672429114154333,0.5916690236064971,0.5696732442204168,97.24231021672838,0.6757791381597915,0.0864970453339371,0.28618972663051745,0.18624035964644514,91
Late Night Talking,Taylor Swift,Country,0.5983672205624919,0.46765343547580335,0.31478110610139304,120.47863180277574,0.22464562622681702,0.10521347116084179,0.2313863501028463,0.004159365025412254,93
Dynamite,BTS,K-Pop,0.601593888768713,0.4764360323984554,0.4860287991900114,83.6046163094815,0.0643585362433556,0.4925675632996693,0.007741478242815103,0.1824052304749112,61
Unholy,Taylor Swift,Latin,0.4791569231351469,0.666312128798058,0.5027417456685526,125.55393284067827,0.2924477174063365,0.24702738856625017,0.04414666923175648,0.16363204070648052,42
Dynamite,Taylor Swift,K-Pop,0.682338747545453,0.5276210919300937,0.51582951435116,105.21159134507303,0.034700973637147574,0.24340406993091973,0.025817337798668506,0.14779703969179592,80
Break My Soul,Drake,Pop,0.6976622590426864,0.7691219067079915,0.5344624201614683,104.02538610071147,0.19103013405585756,0.4856883137069105,0.17109342122708524,0.1626097715796742,55
Flowers,BTS,Rock,0.5356773993350938,0.790749844051198,0.6477226590033567,129.516516821067,0.4283744832723033,0.10233786041842674,0.05919853095842282,0.14821954763375278,66
Flowers,The Weeknd,Latin,0.4853303380707221,0.5197623960096059,0.6609817384853595,90.39188698211898,0.3579852472076155,0.351899370503465,0.09800602008921076,0.03012411087514826,81
Hold Me Closer,Ariana Grande,Indie,0.595897371401794,0.5863904999544958,0.36011511842195865,81.05145185060657,0.004665155089802653,0.17590888313457187,0.12803763727949632,0.1734982468969607,72
Unholy,Miley Cyrus,Pop,0.7343553272970929,0.6379266400289503,0.6379097718620542,112.91953780326854,0.2666570098393408,0.28328704816682465,0.23273321306072914,0.0017241988957643175,77
Last Night,Dua Lipa,Electronic/Dance,0.5649015841790237,0.4866663531917095,0.45588657861571713,108.7393320612824,0.6449737515768894,0.29979291063345986,0.1552199477740048,0.09895862212153338,66
Vampire,Doja Cat,Indie,0.4016742366693062,0.5555205446202344,0.5185536922306055,110.0928875844537,0.47340258235317595,0.3953706277444312,0.07724667668988479,0.09927645815364224,89
Unholy,Ed Sheeran,Electronic/Dance,0.40952440086654573,0.5909818168083085,0.36543269015116037,88.70287902293639,0.7709520979186568,0.11701114831234904,0.16319824356747784,0.052867349442168914,40
Flowers,Post Malone,Country,0.484151679702458,0.5263269101889443,0.3339342209165854,137.26124993747626,0.5117565030582755,0.047278239704928116,0.12034058430177313,0.10556727761503655,37
Flowers,Kendrick Lamar,Country,0.6796859811694805,0.4177966540859872,0.5589915605963385,88.2870992455009,0.5623609266779169,0.36531665790877066,0.06349520730868029,0.07766754228267543,26
Late Night Talking,Lil Baby,R&B/Soul,0.753144205675338,0.546685932627747,0.28265492711375784,67.0621648970207,0.690439036678788,0.20049366875406,0.25345164180753965,0.19210962626784278,68
Unholy,BTS,Electronic/Dance,0.4782573622720363,0.6332549319080374,0.44710679278474696,114.1630422591142,0.1434475325416835,0.48517379355814255,0.24368301442243462,0.13610530891182834,48
Dynamite,Harry Styles,Latin,0.5366969780293421,0.4222935157407346,0.371295129959642,124.54216880074618,0.6620251305625039,0.2491421959972816,0.06776312893662519,0.09849095851329995,84
Late Night Talking,Kendrick Lamar,Country,0.6711969328720558,0.7878058826058814,0.5968299569121138,134.21832572044232,0.7851324526102722,0.17139722984155714,0.2583365559236987,0.13637963554344737,61
Kill Bill,Harry Styles,Hip-Hop/Rap,0.8332429117424394,0.7065082871943216,0.3393284293961361,86.5862351728351,0.7602466068355488,0.033248778407541535,0.005884426109053686,0.19828914829797345,47
About Damn Time,Dua Lipa,Alternative,0.4532547130429254,0.49130272010059567,0.620360635289027,106.68786422137745,0.7859745338530975,0.48571891554199664,0.2550019749697023,0.04464902632376329,26
About Damn Time,BTS,Electronic/Dance,0.7604042435337761,0.4326665970854201,0.5136455714131092,121.28111862026736,0.43300163106951683,0.4450973051217027,0.14386933070601968,0.0632008540551215,59
Hold Me Closer,Dua Lipa,Rock,0.4698146714744592,0.8436201767651743,0.6378670093489153,122.88606169630395,0.7497949861575042,0.3337918086400781,0.1695200450049223,0.09327510339333422,31
As It Was,Miley Cyrus,Latin,0.5006666784434703,0.6192712623667078,0.3154110133102668,137.9287051963915,0.6059621010783266,0.19310351056793124,0.04250675379657591,0.1466765772692008,100
Dynamite,Olivia Rodrigo,Alternative,0.5785908808384994,0.638387408270676,0.5180726252316242,127.99660793736695,0.3742475711293669,0.017930038886622868,0.27804630173220446,0.12581413003994285,26
Hold Me Closer,Bad Bunny,Indie,0.7134840853990547,0.4624156174502225,0.515215142899651,136.1383490334847,0.3046465030030862,0.39147799312467096,0.09601240934204636,0.11804362037438701,38
About Damn Time,Billie Eilish,Alternative,0.5431010437228309,0.5027149562533385,0.40758975894397836,83.90809578115793,0.6744938046368161,0.4324609034666299,0.15023366867055882,0.036515438674216694,96
HUMBLE.,Lil Baby,Pop,0.8722338141007023,0.7359813223233578,0.6922410212391186,121.5329664767975,0.5446075334072015,0.35811210193806003,0.031626003783037204,0.15235860140234736,95
Unholy,Bad Bunny,Electronic/Dance,0.7543031338884854,0.6810444600248875,0.4352741463170331,90.92046774900672,0.2865898554623108,0.1709327963907527,0.003768075134050386,0.049255258631864064,47
Hold Me Closer,Lil Baby,R&B/Soul,0.7116765364551474,0.639033008291861,0.26349486208001205,68.92696373002548,0.540268193986063,0.17094441284899825,0.2691959129751577,0.0392065211072935,88
Late Night Talking,Ed Sheeran,Electronic/Dance,0.4967543724650842,0.5106323208736556,0.5720594450265728,136.51030148761103,0.11509965937100564,0.2481650134749528,0.06656829023642234,0.15276887326911776,24
Break My Soul,BTS,Rock,0.5446403029183414,0.7209959677221776,0.3574674446594288,171.13963703125083,0.7866059417069691,0.21928580355058047,0.19280794117935451,0.12210862624216375,60
Flowers,Harry Styles,Latin,0.48833911619075154,0.6832092552555267,0.673711742118858,117.1408558382658,0.547824892062132,0.2559921979262067,0.1487717435319078,0.015051460311675237,75
Hold Me Closer,Dua Lipa,R&B/Soul,0.5943575379281167,0.5901802333618371,0.40318854249134745,92.18794696057401,0.1410811211874324,0.4135978874777801,0.1416738459514766,0.09873574951575739,41
Vampire,Drake,Hip-Hop/Rap,0.758093076029191,0.6564634181173762,0.548711655985094,94.44753577795285,0.6278109249011364,0.30773498869754734,0.28150510558723124,0.1252549261630009,68
Break My Soul,Olivia Rodrigo,Rock,0.6453346185761907,0.7762090639271132,0.4281774380089287,137.72981008246657,0.35692476658533434,0.280212687505723,0.14462121965773972,0.16541496476914555,56
Hold Me Closer,BTS,Alternative,0.7342399667032417,0.6673630875237464,0.39772027742800825,137.7689066316721,0.749920030620583,0.2892190067951813,0.07939714795463416,0.010788239257706646,80
Break My Soul,Post Malone,Indie,0.4578080022804928,0.7395520868857376,0.3138541596364691,106.59485990508425,0.4023307158758918,0.48250748868111076,0.07286156544790563,0.12517695593198397,50
Late Night Talking,Billie Eilish,Alternative,0.49570597254581805,0.6607017891097293,0.40555403684051355,93.74148890158253,0.6399900342686541,0.4393215650844141,0.01677462956930473,0.10429969499389904,38
Hold Me Closer,Kendrick Lamar,Electronic/Dance,0.5359549615273045,0.4382547656550362,0.6839181057816647,81.87267747404611,0.34463304896410485,0.30335395169988677,0.21603997448891674,0.04901981925071297,74
Flowers,Taylor Swift,Country,0.6392576593137398,0.7139469209931706,0.6704464625385754,118.5479554054194,0.4131975937088462,0.11451372724622028,0.18063087479716813,0.09330059351834374,77
Hold Me Closer,Drake,Indie,0.6478839198433479,0.7937435916741886,0.4430909430432351,103.98727014703596,0.7615692413431523,0.49625032408456754,0.26490539061066376,0.10426962455739686,23
Vampire,Olivia Rodrigo,Hip-Hop/Rap,0.9149488595566694,0.7878634220350673,0.5213868604783345,115.00494654472706,0.028802122465069236,0.3002010432504925,0.17737178333415116,0.13221950202627253,90
Flowers,Doja Cat,Indie,0.7483678286962452,0.6281491590605139,0.43495524514902717,114.14496029945778,0.5282005787238101,0.4343883977059983,0.1363090799510345,0.17388114413988556,34
Hold Me Closer,Morgan Wallen,Alternative,0.6257495158572792,0.5954536672151377,0.49684941723524856,109.56829190801653,0.4213305900044307,0.29336641621549053,0.2872619858794081,0.19348048579379723,31
Flowers,Taylor Swift,Hip-Hop/Rap,0.8323934526623499,0.8375477710902325,0.4739582471152428,91.82834625298173,0.04821041654003447,0.03241196365542143,0.2166751544439816,0.033691171090218575,42
Last Night,Dua Lipa,Latin,0.4577413503738484,0.43892880468297557,0.6334671816267545,98.40794730747774,0.13704177630831751,0.43106785616599574,0.055080164636042525,0.005008377058377866,97
As It Was,Justin Bieber,Rock,0.6738770647087851,0.8877713237855394,0.7143136437691393,128.81379274791223,0.4172311101290018,0.49781772429999716,0.2938147736407313,0.03512446317076732,20
Hold Me Closer,Taylor Swift,K-Pop,0.7526550770006263,0.4023411405222497,0.4491566891993708,115.44335343863486,0.6667588367745305,0.4846515651852858,0.18534076327626212,0.051447049895042674,92
Hold Me Closer,BTS,Country,0.7364056240262356,0.63329525315031,0.5506480358751309,93.76171011652787,0.7806263757096547,0.3553991230655453,0.01935188668705239,0.147471294088049,99
Vampire,Harry Styles,Alternative,0.6534603674548325,0.5739610312204808,0.5167471191132192,101.62150492219577,0.4173267417530224,0.044561367333697255,0.27544765739508553,0.09335272264894781,71
As It Was,Bad Bunny,Indie,0.7937050671391664,0.6182156229661473,0.39196254343817194,127.5951205608784,0.6162801123063264,0.0987646027697538,0.12120661645058699,0.14517191275927024,67
Unholy,Lil Baby,Hip-Hop/Rap,0.8628152710929997,0.7021035542135047,0.4153979914672032,115.15756911823503,0.08373633213555626,0.2350050925015177,0.03291935007578116,0.09434770988235153,20
Break My Soul,Lil Baby,Pop,0.7148323834089003,0.7840337394256689,0.5493679051204988,112.19525892054675,0.7160915125095423,0.37800331789187563,0.11762875234978905,0.020165105386018612,20
Pink Venom,Blackpink,Electronic/Dance,0.505986882359279,0.6255136384084308,0.6640866801562643,92.85705599582892,0.1915518571170507,0.29829223736560984,0.00842725506473495,0.09636220653692196,83
Pink Venom,BTS,Pop,0.8842658877819229,0.6140384357897909,0.5739233846854775,130.396855519011,0.2632444557481648,0.495933961096974,0.28325945834601013,0.034676020118014295,56
About Damn Time,Drake,Rock,0.5095471428374713,0.7388090393414135,0.7871618510167292,168.50394420394747,0.6284479960273763,0.19334491402955667,0.16032585536247632,0.056454370247832224,61
Last Night,Doja Cat,K-Pop,0.7652414954140613,0.5295455261951328,0.3974213796307498,129.75236031174072,0.5832871262726761,0.48319747948080666,0.11091748328765241,0.13207293175718968,63
Last Night,BTS,Indie,0.7615708089069015,0.49469663189551305,0.40213018315501675,127.75731480332608,0.5356882964847339,0.1112844636518931,0.2779721888375586,0.15647930275391791,21
Vampire,The Weeknd,R&B/Soul,0.6425671673554991,0.5418631103445286,0.5836812703819507,65.7123075533359,0.7401684439609105,0.3101656146073555,0.16966539957306762,0.1648175479541287,88
Flowers,Dua Lipa,Rock,0.5630616702153881,0.765567628824669,0.30556081684774256,179.89527964043913,0.7396484963310461,0.31506130378985076,0.05527508238308463,0.18116972100867917,43
Unholy,Ariana Grande,Latin,0.5662701318992373,0.7776130329622528,0.45532507002175304,126.0556031328751,0.4336383946371246,0.13106556779607503,0.09094002102855038,0.15405558035351502,80
Break My Soul,Ed Sheeran,R&B/Soul,0.6732157276691866,0.47604644772595206,0.5827590871820034,61.81311107150409,0.06289808977976855,0.08252997462494871,0.26732766456181595,0.13876782899244705,41
Kill Bill,The Weeknd,Rock,0.6062825003290241,0.859002639449551,0.7655720811695853,164.4708856021353,0.2653086262768391,0.4987277572174297,0.18704622403329807,0.031079437317034022,22
About Damn Time,Blackpink,Alternative,0.5859309312029918,0.4757662287919457,0.32140944329886545,138.04199534321776,0.5694377451693405,0.4843327074744598,0.27408455831708123,0.052430078485364656,92
Flowers,Billie Eilish,Indie,0.7698377185916232,0.7021652097432204,0.66489873299592,128.4725583783342,0.4874785986635899,0.48614904665269776,0.0999071272253708,0.18447099194525582,96
About Damn Time,Billie Eilish,R&B/Soul,0.6637351925661755,0.4852610563102997,0.4723685474769183,87.00527047223306,0.014651856667794672,0.29031708646827886,0.1681444112811228,0.12573805375062827,71
Vampire,Dua Lipa,Country,0.7016712931825908,0.5039115473235415,0.49255575651599837,89.17245021012036,0.0025287847709446255,0.2942582892251552,0.15759114223356843,0.15437520126251544,92
Unholy,Drake,Indie,0.5007790182132892,0.5992102479056325,0.3914118239006943,97.72578939031507,0.3111820981205436,0.3683902582480231,0.15500871778988431,0.010311061365799047,27
Hold Me Closer,Justin Bieber,Hip-Hop/Rap,0.7628183379043576,0.6979574151823055,0.3588578676939956,82.545583572766,0.7010871414151154,0.43742411908845746,0.07059760066300697,0.041951582507436296,74
Flowers,Post Malone,Rock,0.5789688965084356,0.7374513565814741,0.6464076043785725,143.70076517840687,0.026704638085031807,0.037805455503789664,0.15694238150597487,0.048689901026188025,95
Late Night Talking,Olivia Rodrigo,Hip-Hop/Rap,0.8393832231556089,0.8831671688090825,0.3338716062647009,100.69528658618613,0.08439643159692674,0.3711342506582872,0.193742740654087,0.13522050113791703,50
About Damn Time,Ariana Grande,Rock,0.424169126453148,0.8887975205330713,0.5729056851601051,122.79782125059724,0.6501209773477701,0.41727393634124255,0.24880426830421287,0.11011278223695352,76
Flowers,Drake,Latin,0.7060383516255878,0.4432018973490882,0.4938331838944001,115.29791936604904,0.14075538352045572,0.2899940877558908,0.17720507521305526,0.08007659805727346,88
Late Night Talking,BTS,Hip-Hop/Rap,0.8968299090111497,0.8689999644244499,0.38046495540417835,101.8572091751397,0.7593242907072815,0.32016202605599375,0.21702853229594454,0.04947051322470222,62
HUMBLE.,Bad Bunny,Alternative,0.6413662871575015,0.6066718600954818,0.49931413592663365,109.87235030841694,0.5776157775838824,0.3399828268364527,0.20884598088423348,0.033966636749165134,98
Hold Me Closer,Ed Sheeran,Rock,0.6826953262041238,0.7494034876109573,0.6770663847546099,154.0227181022069,0.0786347441567056,0.3111875312066478,0.2731371097975864,0.08203413614016182,31
Anti-Hero,Harry Styles,Pop,0.7390331818169968,0.6768653251096162,0.7521574729713405,122.8825253133715,0.7504945612588882,0.39120994220333716,0.15307328667409267,0.059076138411653135,80
Break My Soul,Bad Bunny,Electronic/Dance,0.42389239601282813,0.5140021442326984,0.6392382581879031,127.69336099195064,0.7875769946294278,0.282009581737241,0.06453587450715555,0.14944555272509383,84
Late Night Talking,Post Malone,Rock,0.3086571540123347,0.9396352631011786,0.5580890789037045,146.39120706681305,0.03857821713785539,0.4946665533016152,0.1435404103434545,0.05856233764624517,75
Late Night Talking,Bad Bunny,Hip-Hop/Rap,0.8014955013223317,0.7470473314272335,0.5278476454388457,90.59402289950057,0.028793819765721464,0.2503850660588058,0.23298856499716963,0.11928813918715958,52
Anti-Hero,Ariana Grande,Pop,0.8045167058071111,0.5925988413610535,0.4607684083901642,128.35019294942686,0.7695288937298438,0.02759015955936811,0.011623833515930947,0.013271686936786799,71
Kill Bill,Drake,Electronic/Dance,0.6632073175545752,0.622521640323792,0.49539715753334546,105.19877935839193,0.7941509499714842,0.4990794001398475,0.2678121209802121,0.18845595655352054,79
HUMBLE.,BTS,Indie,0.43535982586907795,0.5491710607388789,0.6013123816831614,109.56542922350896,0.14831984011487434,0.4108212352358849,0.026801382080157365,0.06843924218004523,25
Late Night Talking,Doja Cat,Electronic/Dance,0.4711800542768657,0.47533202789607754,0.6718172425185034,132.58019799553836,0.45258185617787294,0.30188133978740567,0.0677570937105756,0.06822003672488648,27
Flowers,Ed Sheeran,R&B/Soul,0.6154993339257916,0.4999301661058403,0.5475343470861638,77.69416751485005,0.3465762255306024,0.061945764791842106,0.12020108747225543,0.03585048274301685,76
HUMBLE.,Kendrick Lamar,Rock,0.5336296420041211,0.7193794763577475,0.671284175544968,159.12054040237572,0.5399851867062112,0.25026655188788005,0.1179427311220217,0.17186506873885665,43
Anti-Hero,Morgan Wallen,Hip-Hop/Rap,0.7593377280488377,0.6669302833562606,0.6740732935079278,96.08408331564138,0.5454662671490723,0.14080382543927883,0.15082152429034817,0.002180904579495846,80
Pink Venom,Dua Lipa,Hip-Hop/Rap,0.8351608428571877,0.7220220682993828,0.4627094985509189,103.36597928292812,0.4180320916572933,0.16705964812169694,0.11896227143015052,0.08729524008569814,31
Flowers,Ariana Grande,Country,0.6394026735526486,0.7832164207908092,0.46559592986778875,91.53458668170845,0.2196133160126518,0.39968314672412436,0.10650018321533895,0.05858645756812926,55
Flowers,The Weeknd,Hip-Hop/Rap,0.8648649020153503,0.7861361870471375,0.525553569693497,119.50249591413719,0.05719818901401333,0.1757806589991454,0.29985319995252174,0.10291383383210445,64
As It Was,Doja Cat,Electronic/Dance,0.7825026081498735,0.5769487989183414,0.43472984078017457,111.99127865318272,0.49821418583953864,0.2733758335159159,0.08285677012032841,0.0849930010134644,68
Late Night Talking,The Weeknd,Hip-Hop/Rap,0.7430048767355057,0.7227817832473407,0.3777060024419032,86.30644127645516,0.006887709553164534,0.0985591597026218,0.19371230003829312,0.14538566673912798,65
HUMBLE.,Taylor Swift,Rock,0.34464904952257197,0.7461153311073307,0.7173770953272695,179.4713857877294,0.641685383090727,0.4601317870081567,0.15697118433340235,0.06832833813570074,60
Hold Me Closer,Doja Cat,Pop,0.6609980534666309,0.7484602064894407,0.7238051157190054,117.11598987382379,0.23110596415321558,0.1317733919317306,0.06333383040212906,0.14934996961064242,60
About Damn Time,Blackpink,Latin,0.5977618033223967,0.7101301213506863,0.34458055372204444,96.90039566084214,0.45238984925901893,0.3329066937160256,0.11275388575292916,0.16778041808001998,55
HUMBLE.,Drake,Latin,0.4614899144053995,0.7048231244626286,0.582206627683358,95.41727314743356,0.33802685273333355,0.4453990898179213,0.1516121584760541,0.06810459191243981,90
Flowers,Morgan Wallen,Indie,0.6980142685776562,0.632353642170898,0.4172424893091067,127.31727064082297,0.2791024259920378,0.14803157254585259,0.09849303535781943,0.08911113011415694,65
Unholy,Drake,Rock,0.44206171223621077,0.8960924443457514,0.7231289718550278,164.54028108430205,0.19499489198948414,0.08426504209435054,0.09211323762823209,0.18624616808867325,97
Hold Me Closer,Taylor Swift,Rock,0.534459478117376,0.8199989513807546,0.37559116573648615,143.02890956890465,0.3142706012641672,0.443899840935785,0.29266356590921305,0.10021452757481507,97
About Damn Time,Dua Lipa,Alternative,0.6419617035592278,0.4138216350144117,0.5555058853862556,133.0147016010158,0.14988250523447447,0.3163557454397726,0.12478252318737748,0.17021025141500595,25
As It Was,Dua Lipa,Country,0.4135058277415494,0.7616074108101525,0.43503210707081463,108.04213072537404,0.7668479376353302,0.48074470627698135,0.21745240845116284,0.19077687713228775,50
About Damn Time,Lil Baby,Pop,0.7070744599069467,0.5531529033025057,0.6252705583978475,129.02279382959324,0.727378889867877,0.3515495510807197,0.2526914124783506,0.17201657962772965,56
Hold Me Closer,Taylor Swift,Alternative,0.6329429691850494,0.5613250254973443,0.33232111205783443,115.49270578317842,0.5961542559928359,0.04975007390646369,0.11517563003352685,0.08932528196043812,31
Hold Me Closer,Blackpink,R&B/Soul,0.42054541763622755,0.6260326351177381,0.2584095469281428,71.46249968603514,0.4186101014404116,0.30705993898348577,0.24778065823689732,0.05967790019256505,86
Dynamite,Doja Cat,Alternative,0.7536726503617283,0.7763077887206649,0.583265252511491,85.5278076979604,0.04131676101336144,0.4886898081251975,0.029116413619730795,0.1188657952109815,82
About Damn Time,Drake,K-Pop,0.7844657822830431,0.668846548122651,0.3531041986552436,100.67764022166307,0.4301495558910182,0.00118685967730775,0.2209719222773578,0.18326571083302137,20
Last Night,Drake,Country,0.4391975435753834,0.7139192279820225,0.30731049305365615,84.12510199008997,0.6458777242304912,0.305307157312432,0.10930469363941542,0.027174518784299287,83
Flowers,Doja Cat,Pop,0.6465579338120752,0.7757571516991479,0.7672091176846907,126.82112298498657,0.6114588943899659,0.2679319641457476,0.051950014040054525,0.002407846941380898,43
Pink Venom,Post Malone,Country,0.5849104521891815,0.6322309995714112,0.3943472836895657,136.4347538201917,0.6113041833363808,0.3031566872981212,0.03878278935636268,0.13774097920143333,59
Unholy,Drake,Pop,0.8909319315936367,0.6179372685910691,0.6019037369325542,119.67218866823927,0.5216387507123261,0.43143441545674655,0.2907505140921707,0.18840788240287337,21
About Damn Time,The Weeknd,R&B/Soul,0.4932208420802245,0.3611499974374079,0.2629341557769896,94.71339444996023,0.5708869829155887,0.37947636658980594,0.1722206636661854,0.1150236726173493,53
Late Night Talking,Justin Bieber,Latin,0.6843692383216644,0.503748133545037,0.6870578605267169,114.11264977044682,0.4042508049280823,0.1886301055451659,0.27307903168991965,0.0362318915143987,20
Flowers,Bad Bunny,Latin,0.7533102359206105,0.44128007143636744,0.5990800266006377,124.34337525148095,0.29371895231785555,0.11964134676212623,0.26681498260728176,0.0621744183009709,55
Unholy,BTS,K-Pop,0.5852450005367316,0.5278509946615089,0.42113509465648796,125.07363983103497,0.48406360168809104,0.09465732810932814,0.009876651696595172,0.16963295445878207,32
Pink Venom,Taylor Swift,Indie,0.4231094704416151,0.4677324855314722,0.32603672094637587,113.07572143570974,0.47522141076548696,0.025496880161587077,0.21233133158928416,0.180015458117649,86
Hold Me Closer,Blackpink,Indie,0.46641333990991096,0.531095082351919,0.422730036712612,80.63408981695858,0.32597815401323066,0.12270303835740165,0.2879743349073455,0.14084131099177635,37
HUMBLE.,Doja Cat,Hip-Hop/Rap,0.7871515687943964,0.8131107404677566,0.5721631920818256,92.2949266974928,0.4313839600009143,0.24859115776674523,0.024502585338490656,0.006445031737313012,91
Break My Soul,Billie Eilish,Country,0.5156680752222909,0.586843985776785,0.6672289146008183,90.79352655621685,0.526783990484181,0.46406238981558406,0.1912693545784487,0.07323149160921794,87
Vampire,Billie Eilish,Pop,0.6343653650987214,0.7616921722140921,0.4428817594267955,100.1901147012723,0.7362106631387157,0.34234251639173774,0.19370681283527394,0.050471839553556275,91
Flowers,Lil Baby,Hip-Hop/Rap,0.812805383615263,0.7955039948122672,0.30926949246404345,103.48276340799038,0.5305544662382727,0.386286090630012,0.07588154708131942,0.12261683637941778,31
Unholy,Morgan Wallen,Hip-Hop/Rap,0.7895449696915885,0.7972692062710971,0.5214748759300165,82.18226205368599,0.7768043606750895,0.0832399522528035,0.12145394108679812,0.01368289558514977,28
Break My Soul,Lil Baby,Country,0.7490491934248588,0.5294913802349639,0.4567791658943199,126.52987302837319,0.6788312106614034,0.05849723316592542,0.14032879489607641,0.11001000052070811,88
About Damn Time,Blackpink,Latin,0.42588929750822674,0.761198116896654,0.45144150620059315,102.40210067282885,0.4137603306240206,0.41579689336538816,0.2150259567638135,0.1338631050129929,57
Flowers,Lil Baby,Alternative,0.5707814177855699,0.5957664298138974,0.4854562808314362,97.9142332396169,0.17500409851407295,0.37042122552637785,0.16117491544025986,0.07374825239393955,37
Flowers,Ariana Grande,Rock,0.5183626333547054,0.9295815296294749,0.6070932730292524,172.45568410886497,0.009745495667962168,0.41676294623610016,0.03309990979911113,0.16103335960992168,40
Flowers,Billie Eilish,Hip-Hop/Rap,0.833334877044685,0.7930772318734058,0.6010609321935526,115.84375851821184,0.04218296444070502,0.2996655943141571,0.12707599854954826,0.18846327554269965,92
HUMBLE.,Lizzo,R&B/Soul,0.46329797240336756,0.5292049206096753,0.453845987855527,79.17040255977076,0.4825251468092172,0.11379895019317054,0.19612452659730786,0.14093981961606053,46
HUMBLE.,Lil Baby,R&B/Soul,0.7904571629333333,0.41863096106961595,0.4886369380789759,67.3522345362049,0.5846478889544799,0.45332973915943514,0.04573154080822007,0.12244985189271139,80
Unholy,Ariana Grande,Alternative,0.5008635757423529,0.7756075427433557,0.4857747422308788,94.97316664495455,0.7205464052932353,0.4085748207158974,0.072092618681609,0.0046998119926625614,51
Hold Me Closer,Miley Cyrus,R&B/Soul,0.7628538819526242,0.6871032294517647,0.5136269415802293,91.07722973969857,0.4129657606977432,0.07155802237513931,0.25641580515940565,0.03403847639325199,25
Flowers,Taylor Swift,Indie,0.7587908141228303,0.5669590027645398,0.46541452144803996,119.58292837149189,0.5729572538900357,0.2924423393184265,0.201122302871435,0.10156898570878024,63
Flowers,Doja Cat,R&B/Soul,0.41346216561505367,0.47963686596840516,0.4728470073235825,72.49155360514402,0.6076469504505121,0.08254912965002437,0.07899765539753102,0.14927198389949745,27
Unholy,Dua Lipa,Electronic/Dance,0.5753211733469883,0.4821056378207525,0.6688849419272604,125.35795103271978,0.7210686898992695,0.08584150508637695,0.22982366744259797,0.1628405780410743,31
Anti-Hero,Ariana Grande,Country,0.7334185694964301,0.6660881081720031,0.33644194920845094,109.82274199949828,0.05177709624962157,0.3167954642554516,0.0724458751354329,0.19393596807797428,35
Break My Soul,Blackpink,Hip-Hop/Rap,0.785425958114076,0.7641494097246014,0.33030760455557573,110.84660356932434,0.3669794968550038,0.4776688501096066,0.0032751116191998887,0.17882823824582933,23
Hold Me Closer,BTS,Indie,0.5073014992261725,0.46450112470653815,0.6983123607462763,131.71572146897557,0.6305539681081533,0.20890673390890008,0.023988986840811577,0.17486021944084112,89
Last Night,Ed Sheeran,K-Pop,0.7464257877258069,0.4630417623214879,0.681875379536014,129.63972477468008,0.31623288991726484,0.420178917708376,0.1721834337756679,0.13469988940075475,93
Break My Soul,The Weeknd,Alternative,0.5735118300288686,0.6623406346753067,0.33036998712594695,122.27140651123483,0.028045073372851094,0.485206758336388,0.2594543011898835,0.04718851671882545,49
Hold Me Closer,Dua Lipa,Indie,0.5922855904772216,0.7801391779629746,0.500009441512113,120.16226337106926,0.5081432658349602,0.3317305851975488,0.1815101057312298,0.08445226740454784,42
Flowers,Taylor Swift,Rock,0.4357312327361255,0.760787517867042,0.5692308224853582,126.67369853113823,0.24385689329344817,0.1433641533019288,0.07311346214486017,0.13534229603571887,52
Dynamite,Ed Sheeran,R&B/Soul,0.5408662141900489,0.3779206144491375,0.4984385331677463,65.43273366987812,0.14840362494962483,0.40833014488654407,0.2968300822162316,0.14690381600468172,40
Hold Me Closer,Miley Cyrus,R&B/Soul,0.7041136646449306,0.4806026058871576,0.23327395729732747,90.45851672816218,0.6106780077818131,0.35664265563244313,0.11218015531496432,0.19612077184462468,90
Unholy,Doja Cat,Pop,0.6603216089599536,0.680337775257216,0.6937528716662615,112.19396427272396,0.33658393318212215,0.2571930736397978,0.05973350154410095,0.17693258009770985,34
Unholy,Justin Bieber,R&B/Soul,0.4858270228889011,0.6912922914142093,0.4892762642559339,90.48982816766969,0.27841497533413284,0.29458085754923924,0.29303992579483523,0.01317360537901271,43
Anti-Hero,Post Malone,Alternative,0.5448266204245348,0.7731912457614405,0.4370477664341164,84.7040749377101,0.10681148090143529,0.17265969592632147,0.06326872792215253,0.013691163293655384,34
Unholy,Lizzo,Pop,0.6763456514238226,0.6635981299532685,0.4163271398879304,112.96973275101831,0.3721837985584917,0.24887675779383994,0.049165135324082385,0.02394669443180928,31
Hold Me Closer,Kendrick Lamar,R&B/Soul,0.712876769549398,0.6852080586359371,0.21903304401330842,98.969310705867,0.010288068976741373,0.3324793657758833,0.18906317881672863,0.19804908762755635,20
Kill Bill,Post Malone,R&B/Soul,0.45227282364320504,0.48539445378042134,0.5644959644910774,98.46708010503633,0.6449971725394287,0.07962330715707877,0.26414400094487717,0.15537640207794873,81
About Damn Time,Taylor Swift,Country,0.42395836510805496,0.5698709017017691,0.5622632099407155,136.36263060661003,0.03712626385252831,0.07400093032813376,0.18501672692057644,0.04558793808088131,37
Last Night,Blackpink,Country,0.6921781032243184,0.7111040114014869,0.42676208980635,86.73027724875473,0.5153795402262887,0.43520431007356747,0.17042234152327163,0.12016719018392592,39
Unholy,BTS,R&B/Soul,0.4649538218391607,0.6346610753728716,0.39191084507033347,64.20388459941138,0.03429321523278528,0.13768917502454542,0.1332032019188842,0.06309255235435487,71
Flowers,Post Malone,Indie,0.7169690548737246,0.7779499954152681,0.5261615361100433,83.83870965037804,0.4106835219794223,0.14542918248636022,0.2295335159862793,0.054980180424206694,33
Hold Me Closer,Taylor Swift,Indie,0.51521674114986,0.47799364676901507,0.6126183828109025,89.84204147787587,0.2860456825775592,0.37268556201566766,0.09019296613118276,0.19330842916803964,34
Hold Me Closer,Dua Lipa,K-Pop,0.6572109281595262,0.5762164574997019,0.6771210783471272,109.64007394931443,0.2496346444122488,0.2927470127672331,0.22100028098332863,0.013356726715374002,86
Late Night Talking,Harry Styles,K-Pop,0.6413560827010932,0.5750167637318657,0.40590842505187746,81.27486765954286,0.2333052877876794,0.3031093352284542,0.20265489716284915,0.14863313480096285,76
Vampire,Doja Cat,K-Pop,0.700327176988511,0.5209310780890603,0.46882520948500805,125.55101489703333,0.7248847418264432,0.00847494156688533,0.049431098357650645,0.19053191305061717,78
About Damn Time,Bad Bunny,Indie,0.7068281654044077,0.7357453176887746,0.6618524592214767,95.84048524624744,0.14002018918731488,0.048193318203845315,0.2803498039851829,0.038953347097182414,30
HUMBLE.,Blackpink,Latin,0.4244430861655719,0.5800392645737082,0.5218557114235155,104.69747150195597,0.301753310592235,0.04253907640126642,0.26539171673688505,0.13195466395950958,93
As It Was,Blackpink,Hip-Hop/Rap,0.8383182819126116,0.64250062883299,0.6035194865542668,119.03461721840617,0.3247609278725883,0.21546963173216155,0.049632583045552216,0.015899920298132055,38
Unholy,Ed Sheeran,Latin,0.7531530239006007,0.7770127912795675,0.6327389404668256,84.67133020120684,0.3110060377419478,0.07283424227949092,0.2975682634728835,0.09337505377970921,37
Last Night,Kendrick Lamar,Rock,0.6886106090385431,0.854917482335404,0.670989176906321,172.10702377230353,0.36801601188033395,0.4573504176438357,0.18057712610511448,0.07966608739624857,38
Anti-Hero,The Weeknd,R&B/Soul,0.7311171601062516,0.6123183364822031,0.5816018584223046,86.63778483112003,0.046477882641299754,0.1908759843299776,0.027217964003369843,0.006840358351378729,83
Pink Venom,Doja Cat,Electronic/Dance,0.45459959813893336,0.6324164197701172,0.38138496842156855,85.4665484719766,0.16395166262590052,0.4728819175197771,0.022243316116592703,0.031810414845589774,100
About Damn Time,Ariana Grande,Rock,0.5357496561168757,0.8053789202577182,0.42008384210720395,177.24721742168995,0.16449279004937525,0.3336849641029571,0.2532580873964664,0.024090021923417984,55
Flowers,The Weeknd,Electronic/Dance,0.7921362792089576,0.48960835531790076,0.3342293491837969,122.90646323219386,0.1324481233179788,0.4959293693608641,0.23496906826609115,0.05064380772235069,39
Flowers,Olivia Rodrigo,R&B/Soul,0.7491568733271086,0.47943393642777044,0.47655692706275693,64.20700579596758,0.08607869225351977,0.18870847733630386,0.0725406930651567,0.08822857930911968,29
Late Night Talking,Olivia Rodrigo,Indie,0.6682417683104163,0.7342939092024052,0.3081641497055903,136.69649186174598,0.2178619909950137,0.36395571539831595,0.27194917719260386,0.1686585701441695,95
Flowers,Taylor Swift,Pop,0.8442426184889936,0.6768393849766138,0.7971448326165786,112.63151502402184,0.04364318687586204,0.29847757050525525,0.12530578173609555,0.0756746971568319,41
Hold Me Closer,Miley Cyrus,Rock,0.3748464293349408,0.928004892701451,0.7521468868000827,179.12561167026936,0.6725894456136395,0.20784262254567576,0.2073363994353392,0.1454781053089835,41
Unholy,Harry Styles,Country,0.7274674177497961,0.5082822574724911,0.5197133747127788,106.15744502453512,0.02433310790508321,0.4164461684176316,0.2396304270950711,0.04579767643117501,93
Pink Venom,Drake,Pop,0.7190063328892007,0.6850918165460387,0.49669428000436744,109.46355416783959,0.4759480012417896,0.2818625290821356,0.289621253806004,0.17342082288293423,88
Break My Soul,Billie Eilish,Pop,0.7857473410275416,0.6614780205747557,0.4167596954401135,113.9748179742712,0.09432089442848364,0.49448780975376194,0.002134484591836483,0.14846620761345994,93
Vampire,Lizzo,Indie,0.4741917596732648,0.6646671059299354,0.6522143806374577,129.05145273374376,0.5631887828636187,0.49653956485904327,0.2482808114465761,0.14527390121749287,61
Flowers,Taylor Swift,Alternative,0.5374643555447038,0.4811512109174942,0.5551380912842392,105.92426321078726,0.544908848614284,0.45059466649819213,0.01951464246113983,0.061071258873895244,79
Hold Me Closer,Morgan Wallen,Hip-Hop/Rap,0.9212578898083958,0.7686116688314968,0.6896592352091252,83.07018751444312,0.298237381498396,0.38678508176547033,0.12040361724557333,0.17522610580189502,93
Break My Soul,Doja Cat,Pop,0.6833387179448319,0.7316592386089177,0.5606123382373371,136.19168030229972,0.2625422454745729,0.14868880243987498,0.2793084132539225,0.18805065677225427,56
Break My Soul,The Weeknd,R&B/Soul,0.447552300441081,0.4514021498910547,0.3806863653154548,62.59771769162714,0.10869356683222958,0.045865327072142414,0.11254511338185086,0.1480805083466748,84
Break My Soul,Ed Sheeran,Pop,0.741031992879114,0.5633377591105234,0.4481028144836302,113.2266798458389,0.6592726552021981,0.37405645586075936,0.03423869667857471,0.1301013962865442,56
About Damn Time,Kendrick Lamar,Pop,0.8771487044201193,0.5097342276944425,0.6069225118806901,109.56970031952297,0.39139731800978067,0.13232335125084949,0.22398287352825608,0.1150554696799162,91
Kill Bill,Lil Baby,Rock,0.5357051061797243,0.8978788089936418,0.755593461404032,140.34187671115052,0.4240727104191853,0.41798737008523273,0.15330989132843448,0.026255627777122093,85
Break My Soul,Billie Eilish,Country,0.5701668059554541,0.7980372503919834,0.4117544302824836,108.84617866731611,0.22450922906143528,0.40632243457491246,0.02771810740634295,0.011893181666700127,49
Hold Me Closer,Morgan Wallen,R&B/Soul,0.6732842691674001,0.32887678003582127,0.3225715807265385,99.92995624719141,0.23370894768518122,0.07573957482540461,0.1419991958369615,0.19589764549838884,68
Kill Bill,Billie Eilish,Latin,0.4984969731587838,0.6741955484980027,0.43304384610994767,92.41104343415344,0.11804484044483968,0.26604087860919656,0.12374448825128861,0.04201533561392288,62
Late Night Talking,Doja Cat,Pop,0.8341780318091632,0.5460981685846502,0.7108839840729966,124.1853419571607,0.25312987478878596,0.005376660635692532,0.02936920345087437,0.07781920070098042,37
Break My Soul,Morgan Wallen,Rock,0.43292132248079673,0.7510144036063314,0.6951005470897578,171.48172476241407,0.059143147927025824,0.11057223664350219,0.13061115834687784,0.1169081334289271,86
Pink Venom,Doja Cat,Rock,0.5098088863150954,0.704526530519126,0.7502935535982113,125.92766114448796,0.7659623468263681,0.2116855164666318,0.18988517265083682,0.1871342272508115,88
Unholy,Kendrick Lamar,K-Pop,0.6925048700990885,0.4856468558439717,0.3313738198642528,87.1561667446788,0.799419016146125,0.4562431514677132,0.20970857129299028,0.01357874490101052,65
Anti-Hero,BTS,Indie,0.7465722881729734,0.4073864685325216,0.44190415431919705,117.55239926921345,0.2872349894568679,0.14417747385094654,0.07000270129702248,0.020040899407577185,88
Late Night Talking,Harry Styles,R&B/Soul,0.47836808743977205,0.4373939263884903,0.5078456589256235,66.60623039958067,0.2360096697292554,0.21444778655024904,0.060813759375350517,0.11072058668033191,25
Last Night,Ed Sheeran,Pop,0.6446558938206007,0.6109645551019645,0.7716602662921436,119.92429773058447,0.46242675246851467,0.39752179987517944,0.09037768528626881,0.06703671578265938,96
Unholy,Post Malone,Indie,0.7554560859430245,0.4047244377243533,0.4961483890864996,98.38669566464826,0.770016411925913,0.07437955593023116,0.2523605970779835,0.1626823000974208,99
Break My Soul,Kendrick Lamar,R&B/Soul,0.7959136899559542,0.5703343951308397,0.2530949791284328,64.16889832926182,0.48253829205653886,0.10972223030088674,0.27331821494930886,0.16405004382192392,65
Late Night Talking,Post Malone,Rock,0.30583720732888797,0.8789866922673415,0.5137813693121867,159.2598228304709,0.25411449195541574,0.1015396690114419,0.07729850669723057,0.08586345168504271,23
Dynamite,BTS,Alternative,0.5629388217226003,0.6605763671290444,0.32015826469547154,112.62946614168227,0.6122943978873342,0.33132810666093027,0.29686723154830513,0.15143652410092034,36
As It Was,Post Malone,K-Pop,0.7767888156794157,0.7369702642858541,0.5351732416325128,113.33814152215648,0.39729227555690677,0.09322585578577292,0.11498400029886212,0.1422705741039597,72
Pink Venom,Billie Eilish,Electronic/Dance,0.7630416865437314,0.7966865087795909,0.5612832626710396,137.33203317904199,0.04697334824655722,0.09296466709352491,0.09092932271876761,0.03389190445430852,50
Hold Me Closer,Post Malone,Rock,0.5694986621440528,0.7681332350136091,0.6792662048551454,131.0459767968136,0.06351891254954722,0.2531145576839702,0.15615164528444347,0.12959415594409193,84
Late Night Talking,Harry Styles,Rock,0.587395077634248,0.8995970717771821,0.6643169268456779,173.17345744213821,0.7803348795340938,0.3622153241852632,0.03831670446662778,0.07856409772726217,49
Flowers,Ariana Grande,Indie,0.5621592548763492,0.527370529167007,0.48914841166050615,110.1555415355175,0.2870289501627973,0.11955285667600463,0.1296273719961363,0.12597803069456748,86
Late Night Talking,Justin Bieber,Latin,0.6251498644107988,0.44531317869492437,0.5245386095076835,111.79566355527709,0.12946020412902054,0.427358029528794,0.2905221991601526,0.13705654588721825,73
Unholy,Ariana Grande,Electronic/Dance,0.738954411067674,0.6271356184760142,0.3395198044463302,102.49284393769068,0.04591669446403675,0.3384590036083107,0.05775831750285949,0.07015609305189129,36
Late Night Talking,Kendrick Lamar,Latin,0.7934346722571016,0.5539415316806671,0.6458152854899557,133.84070867966813,0.5785615713669222,0.06045800783890598,0.09296850542207849,0.09621399180533126,22
Hold Me Closer,Kendrick Lamar,Alternative,0.7844106876502897,0.6316457627736007,0.5746819662547911,135.7623668782628,0.40702406241846734,0.40163502263719764,0.12032294917392133,0.12255066908724821,97
Break My Soul,Ed Sheeran,Rock,0.388938613854776,0.8248546505969486,0.45742376593228096,158.27104442029497,0.1587898619919347,0.19848469150408005,0.21466990778652834,0.12807233353850767,38
Unholy,Morgan Wallen,Latin,0.5356304041667446,0.43185757467094604,0.635460048635337,90.97134126108355,0.5184406949475401,0.18234732114346813,0.19566754221189966,0.17469177637814579,92
Flowers,Blackpink,Latin,0.7588771372053315,0.5076993986678915,0.37029168539049023,88.60284470762572,0.4825957006007701,0.30131935070817695,0.1355349373749643,0.10955983026182232,40
Unholy,Harry Styles,Indie,0.6101495562669492,0.7409974401356971,0.49588932554807996,82.38331453540168,0.2139685369594191,0.12968315088087884,0.14465785940230602,0.013812015542558044,77
HUMBLE.,Kendrick Lamar,Latin,0.6106946170067179,0.5353931306428454,0.640777496963687,121.12278559173377,0.10524127330970164,0.25437546170456016,0.19414668690194206,0.019052733201770502,78
Vampire,Post Malone,K-Pop,0.5327972652116433,0.5246158966069222,0.6218898555870859,115.80057742621172,0.34351466798264574,0.020877134081034976,0.2904352079924643,0.02302374000986056,58
Hold Me Closer,Blackpink,Indie,0.45982357652265066,0.5589563902003296,0.3155565905055758,117.49150059767875,0.3336220300868358,0.09039042407529052,0.29616591037016166,0.015277536257813563,49
Unholy,Justin Bieber,Indie,0.5278434605014648,0.5728578896442302,0.30572611744520956,84.73563878728835,0.12023417363842254,0.2423566382466842,0.02986815439856183,0.06279854843435706,95
Hold Me Closer,Lizzo,Hip-Hop/Rap,0.8798083418910312,0.720650961722398,0.40382412256927147,106.91476219034294,0.6413477092528972,0.05856832924615063,0.06002707438991695,0.08612542218702796,28
Kill Bill,Lil Baby,Country,0.5217122073583289,0.6556380716948957,0.581780057611343,124.50138452699038,0.6168102732370452,0.031426489388114154,0.07732256688122871,0.039701007220467946,84
Flowers,BTS,R&B/Soul,0.5164026179152038,0.30247849664463994,0.5515276365551557,72.49613506479,0.6871873832744284,0.49140120004890353,0.17879988073911085,0.1388095579152527,30
Hold Me Closer,Harry Styles,Indie,0.48893797843382664,0.6335900517368006,0.5790130040219184,80.47882149055967,0.6933479052006395,0.00668571375777488,0.05886399023442815,0.042287154830729694,60
Late Night Talking,BTS,Hip-Hop/Rap,0.7381694784750081,0.6754407173280919,0.511208257231295,104.38870412139755,0.4464003388859724,0.3732091886971737,0.0996312956470374,0.10016652559795054,44
HUMBLE.,Lil Baby,Rock,0.5580736068777048,0.8548137686752695,0.6875237528355891,169.52597342968866,0.6906775885385331,0.01508534932810568,0.04201851691726871,0.005442889065014934,46
Hold Me Closer,Blackpink,Latin,0.6257927763555389,0.6808487769314411,0.3700221128230815,138.92306739674743,0.4312723608517399,0.42588640520753324,0.07669442600870152,0.06498572330469381,100
Late Night Talking,Dua Lipa,R&B/Soul,0.6659244052508956,0.48691472204016245,0.5310328278036047,82.08948079832084,0.7579652094271769,0.28977930264272855,0.0637178369383659,0.11674209644137126,89
About Damn Time,Justin Bieber,Alternative,0.6288287783618424,0.4150667915295905,0.4710513954449238,117.05487915122697,0.6198289372311483,0.40459580403131584,0.21875822744098686,0.0006927904213976489,80
Last Night,Taylor Swift,Latin,0.6680392717591374,0.7932741428790451,0.3682253128581286,107.98315696551153,0.3856530275021635,0.10794779052567349,0.05864679994599109,0.08048824948232794,81
HUMBLE.,Post Malone,Pop,0.7275362278747024,0.6116216231706318,0.6480743920190708,115.18899144610835,0.7099551089915099,0.12578867656996734,0.11007540430301893,0.06265259150673062,71
Dynamite,Lil Baby,Indie,0.6620095798618479,0.7239385661876685,0.4093464563226281,80.58731226031408,0.06600733823814871,0.40403905455414324,0.024621901609057938,0.022152693637231647,31
Flowers,Lizzo,Rock,0.4677082455559585,0.9053029657637257,0.7883859132483199,123.31612260058866,0.4312657733218509,0.40654162579021413,0.2208195206895715,0.07221454202246635,76
Late Night Talking,Post Malone,Indie,0.7545558810260158,0.5677603382360281,0.6895573605287645,121.22626914462339,0.2416416332997855,0.4421736082764089,0.012912652774922439,0.09007235956264058,41
Break My Soul,Taylor Swift,Pop,0.6580882817432206,0.6690179175030989,0.5334526301807837,125.73403176265116,0.4098263280486622,0.02834893340586564,0.048725834744702254,0.16536077964416301,80
Break My Soul,Blackpink,Rock,0.5767247276367051,0.9150973813333614,0.5793472305219116,120.97258683689415,0.0014948591149424929,0.2059908928598162,0.15116032878137423,0.10358493000815244,61
Flowers,Harry Styles,Alternative,0.6617306666514042,0.6240297029955633,0.6182825680751343,110.283379212883,0.3868180314768572,0.06604729036735446,0.15718772791390076,0.09904003996263261,95
As It Was,Dua Lipa,Pop,0.7303510652049424,0.6644449934893036,0.45236712827605274,134.5865863700222,0.5301262996544682,0.42211561262148956,0.2695456554817962,0.15142070321117457,88
Dynamite,Lil Baby,Electronic/Dance,0.6267729438532118,0.4440514322400173,0.30404672238002944,91.65652564473265,0.5000461824538035,0.28713159536173477,0.03751094150919071,0.1286079381746614,74
As It Was,Billie Eilish,Country,0.6706255867487225,0.5053831075155975,0.5888454681929549,94.20442159619529,0.5719192731394651,0.2512387010744994,0.041091876850563536,0.1976905729169586,64
Hold Me Closer,Harry Styles,R&B/Soul,0.5286033657062753,0.5826925431902927,0.37250371248044456,81.60517878256039,0.4882885759125209,0.4275204212491581,0.2767420157770788,0.14553044555627437,60
Unholy,Blackpink,Electronic/Dance,0.4013700962159741,0.7589142909765632,0.5236687265911786,133.35715352452712,0.07999551046754352,0.22341921669729303,0.06869543214228052,0.14766014563160576,52
As It Was,Dua Lipa,Pop,0.7551806546006261,0.7212647666090213,0.45712892135762395,106.01657854296937,0.6965686012441674,0.3953872900107608,0.29334413847240265,0.11934329734036651,52
Break My Soul,Doja Cat,Pop,0.6156280752301301,0.5576878941520286,0.755241382586712,135.37277950667962,0.6318981425153647,0.009312703537855405,0.2612931130361418,0.11026952070951951,93
As It Was,Morgan Wallen,Country,0.7567025824760637,0.4613249312103472,0.3568063272606922,119.32652679899806,0.5514029947191798,0.4517911655376508,0.16135351556754685,0.17668683365863191,29
Hold Me Closer,Billie Eilish,Hip-Hop/Rap,0.9017534999520834,0.8725585799909326,0.40302251877617273,100.495684921672,0.4315320085734502,0.049837937169698754,0.07538206550570163,0.09330950308696928,67
Kill Bill,The Weeknd,Country,0.7470991225410792,0.41937263442820455,0.36032752290288667,124.98673231334044,0.4850912117001204,0.22239530198870844,0.14037071855755903,0.12811981010229712,83
Hold Me Closer,Olivia Rodrigo,Alternative,0.6866734155173564,0.6834403264813802,0.3498954271715874,101.49352043834563,0.22664694137999436,0.17295174337464303,0.019821337029952434,0.052627159310103734,90
Hold Me Closer,Lizzo,Alternative,0.7937891316502442,0.6874750012756905,0.5267330074591616,136.37477619446958,0.26451733508122555,0.3488323502915696,0.18682763985212086,0.025429158197782423,63
Dynamite,Harry Styles,Hip-Hop/Rap,0.8325877530503825,0.787281655174165,0.44996543832843483,106.12413239621954,0.18505235876596587,0.44413579294417854,0.14394164930669198,0.17813679774939756,28
Late Night Talking,Dua Lipa,Hip-Hop/Rap,0.7027803897767276,0.8105001521996335,0.4700374130952293,101.65874203850886,0.7332246848819466,0.3459272768208146,0.16644129945945316,0.082832029004579,31
Late Night Talking,Post Malone,Indie,0.753870499991274,0.5371742139362813,0.5278351737310075,87.4392846161849,0.045937305314389665,0.2565589256377822,0.12406153375085177,0.14792184706211722,58
Dynamite,Miley Cyrus,Electronic/Dance,0.795051886793668,0.4457553874713952,0.4454358648123424,139.26553209726544,0.09241996265607125,0.3070051794200865,0.23186943302092228,0.027371154183246163,74
Vampire,Harry Styles,Pop,0.8801629665954162,0.517959556991244,0.7143730366937149,121.17882281715198,0.20850988722846842,0.244210200182513,0.12474188374732077,0.05906486420459032,70
Late Night Talking,Doja Cat,Latin,0.7443281539750302,0.7126846009145922,0.42619838757874473,94.23229952872137,0.29025570336982115,0.06532550363229156,0.17882317044233972,0.011107607292008416,33
Late Night Talking,Justin Bieber,Hip-Hop/Rap,0.7930066371959946,0.8808857048121228,0.3952216636014132,113.62168399531282,0.10729339312561743,0.42412157260997707,0.06847639404625284,0.19507351440122278,61
HUMBLE.,Bad Bunny,K-Pop,0.5028941654135622,0.5404255883356746,0.5679942577369967,103.13474894615149,0.349466698029333,0.21199501011358313,0.11134859553387302,0.12514832252193728,50
Last Night,The Weeknd,Pop,0.7046788977283593,0.6976872148255573,0.40829931633054817,123.72721416064763,0.7609390531943334,0.032665434248496106,0.10249250211325166,0.11216300592820126,69
Anti-Hero,Taylor Swift,Rock,0.4873582303633678,0.8144992995295941,0.5854658260350609,149.00239736828144,0.20150785931106877,0.09205769755519344,0.28786770422141494,0.16112108637686964,33
Late Night Talking,Olivia Rodrigo,Electronic/Dance,0.5414396237264394,0.645493129364353,0.6724382762637089,127.11975113213836,0.11367458862076801,0.46018784008215546,0.039406555383150195,0.07900692854634904,52
Pink Venom,Taylor Swift,Indie,0.4918513610669015,0.6365342497686818,0.5913614185532057,125.76880623569488,0.4193390874833603,0.4465563031411178,0.12993968284538318,0.024308447213682416,90
Hold Me Closer,Morgan Wallen,Pop,0.7037814713210735,0.6505805641132147,0.7465753146699208,131.0295547724843,0.3022995190078274,0.057466362852073904,0.03394915278389682,0.1001952812960703,71
As It Was,The Weeknd,Alternative,0.5875404772462172,0.7865013736299131,0.44050502680340786,104.97470475273795,0.07668580850665796,0.09243672529859243,0.13939161854757978,0.11784616469843186,62
Hold Me Closer,Taylor Swift,Indie,0.7435215948169,0.6315560334920032,0.40353922111482304,89.28637256510447,0.3963170692092301,0.3576339347422209,0.21844301841038483,0.020325657156791844,41
Late Night Talking,Ariana Grande,Alternative,0.7155422283854596,0.6102485951943037,0.4032567444009532,98.32926903537053,0.167322940719066,0.1260855209712724,0.19694922886308322,0.0011227679999799235,97
Hold Me Closer,The Weeknd,R&B/Soul,0.48827770304929646,0.6129458618164285,0.2111801111627105,76.05242568514561,0.536283362104592,0.3414825368425473,0.2303278365612987,0.0832732799016519,29
Hold Me Closer,Ed Sheeran,Indie,0.7439830651561136,0.4050113512101261,0.6491308858620164,136.48957404347038,0.21536989483698257,0.35593254256148404,0.20200685829269552,0.07361632633260576,40
Late Night Talking,Billie Eilish,Country,0.5407718507051688,0.6488423493588577,0.49123536671151846,116.6159338577817,0.29100097674992337,0.12160871368136583,0.23665561701442173,0.004086512252267061,53
Hold Me Closer,Taylor Swift,Hip-Hop/Rap,0.892365853900333,0.8677232350011866,0.3406036746850268,119.0210889642722,0.13332293694531422,0.2805740014786409,0.03842773671300478,0.1925884587330775,22
Pink Venom,Drake,Country,0.5398678705614647,0.4372983875405774,0.35034795324716944,118.28685474989223,0.18468177892115545,0.061865359565119515,0.10901312261377563,0.04999271993248118,22
As It Was,Ariana Grande,Electronic/Dance,0.779993523199256,0.43995982236761577,0.39614126495327595,130.3836046545461,0.7123430443657105,0.18831261826228884,0.02269947211601484,0.17805980584840592,80
Last Night,Miley Cyrus,Latin,0.5794336142340046,0.5551904419950153,0.3799051487933644,95.88768766057586,0.4585605685940395,0.4826149352755796,0.24752824978928298,0.1481611752087359,82
Unholy,Bad Bunny,Alternative,0.7540726336914321,0.6465774531438159,0.4063043631193932,133.42861713154008,0.28040956077069784,0.37473097153599305,0.21258851243027885,0.005397839076893263,25
Vampire,Taylor Swift,Electronic/Dance,0.6399959077753882,0.7916832382615704,0.3740290247771463,92.25369773985284,0.32390819285633116,0.30535524491130644,0.09397901974165777,0.0032331808082372905,60
Break My Soul,Morgan Wallen,Alternative,0.6401433387282157,0.4769584089611802,0.6080103566069055,117.67736471127827,0.33384341675065,0.36866052345174466,0.14083336386925663,0.08261100731440259,60
Flowers,Morgan Wallen,Latin,0.6438328457731782,0.6279830604492583,0.32754020317798777,107.88726807598938,0.46396302075305873,0.4252065261346303,0.28584045500855904,0.06965145043415948,25
Unholy,Drake,Country,0.6974364177869978,0.7717032382749531,0.620888025937549,93.53936889663528,0.5826214884437191,0.2506506825207532,0.1482615927098588,0.041112664801417224,99
Pink Venom,Drake,Electronic/Dance,0.6613082137554923,0.7790719216384975,0.3014194685513464,91.69182720397944,0.2329304055090999,0.2913844112443271,0.11381572129769275,0.10356813364217277,63
Break My Soul,Lizzo,Indie,0.5570264969794577,0.6530080512535141,0.45389668284555085,115.77774976061771,0.5861151516976899,0.17760849186166128,0.22341740942881777,0.04667213686780816,96
Flowers,Ariana Grande,Electronic/Dance,0.522240460324572,0.5204964561987421,0.5658469705025491,86.43585981835325,0.43313971903878656,0.2609021270082883,0.23340637661367827,0.0852283105995185,69
Hold Me Closer,Lil Baby,R&B/Soul,0.7806068571986191,0.4993909015863086,0.3627656785791987,87.31475685946214,0.13347632614815072,0.28232327612954916,0.10597812463485703,0.15877309542332219,36
Flowers,Dua Lipa,Country,0.4905588448537235,0.5411606345462797,0.3030707748127173,96.72722571995544,0.6728347352341002,0.14611674386760015,0.05659217216261311,0.09505869449743992,29
As It Was,Olivia Rodrigo,Indie,0.43032993331675035,0.47327686472719077,0.3777053582330115,107.85821299599928,0.11932680366011904,0.13244026402888004,0.20577796544829532,0.15159511911983903,97
Break My Soul,Ed Sheeran,Latin,0.7262255831134792,0.7954589516330612,0.5124534950341251,105.42932549436478,0.5334900093232962,0.19514600051288128,0.09172043637374916,0.015306188701799518,35
Hold Me Closer,Ed Sheeran,Alternative,0.6583355965809261,0.5542908236111872,0.32572840074646503,124.16438063731857,0.2606228544728407,0.1310204358160863,0.22228628654524332,0.14572513235639648,65
Anti-Hero,Ed Sheeran,Hip-Hop/Rap,0.7542138332782533,0.6318655760316237,0.6519186955554553,101.98493297627383,0.3904426881355778,0.18019706285294262,0.24196052555728711,0.1677489866638903,72
Late Night Talking,The Weeknd,Rock,0.6727409489071368,0.7953149594046303,0.5711354706821584,153.30691427747337,0.23051996716939255,0.30880556483979404,0.2906611211152698,0.11868462340423072,49
Flowers,Doja Cat,Hip-Hop/Rap,0.7913226356240214,0.874864553398323,0.41490553755262927,111.21736822474044,0.09872256126841084,0.1610251928582167,0.24490020217438746,0.19350101982628976,80
HUMBLE.,Post Malone,R&B/Soul,0.587039702567038,0.6299620652555622,0.4571262655482547,80.2657630532817,0.45747832768373464,0.43046873914976935,0.0019207166724666935,0.167620122647399,54
Anti-Hero,Drake,Rock,0.34596178759041446,0.9154687905807386,0.4981716758711585,129.29423407508807,0.3712797006278515,0.408570594060438,0.12171221917997593,0.08568579282947208,34
About Damn Time,Ariana Grande,R&B/Soul,0.4892579984007883,0.45562658199745254,0.27061128335964796,97.00812451300963,0.13908225645602165,0.3136193909682303,0.17104891800331487,0.015045326011017202,49
Pink Venom,Justin Bieber,Rock,0.6894219613376766,0.7920701423534966,0.402620968202369,159.3750949509167,0.24500585933504065,0.2314722358520483,0.20156694003458903,0.09646563249587359,100
Last Night,Blackpink,Pop,0.642511095916321,0.673013464965026,0.5491070703371415,129.0915269069316,0.11777846955415533,0.27518205513705224,0.20660507248044757,0.03385257857762445,91
HUMBLE.,Justin Bieber,Hip-Hop/Rap,0.7569420594163214,0.6200877776727862,0.5897784330487692,90.46492455257898,0.779761610336728,0.14244423767308095,0.24423286927413965,0.16512457415960088,20
Vampire,BTS,Pop,0.8303584380023508,0.6582958389744227,0.44168672375650275,127.0528286426161,0.5103717510569349,0.346116927091304,0.05425844637696829,0.11798517346608313,50
Hold Me Closer,Justin Bieber,Hip-Hop/Rap,0.8915140440349378,0.8182861258122368,0.5126933710853989,108.58185822778013,0.7696617859635463,0.1686165123074782,0.02791820926857311,0.09237542535409826,82
Kill Bill,Billie Eilish,Latin,0.415892859559091,0.577666628145022,0.5771694795220657,122.64191868723316,0.6952817006931953,0.4415893024343134,0.16675980555431694,0.02546189967076906,89
About Damn Time,Morgan Wallen,Electronic/Dance,0.5274116725393957,0.5686173123460676,0.5825270353148158,84.47111644387975,0.5449657782500706,0.45465589014421925,0.08543050377283602,0.06190342734540508,92
Flowers,Olivia Rodrigo,Electronic/Dance,0.4050230033319987,0.5312044769934647,0.5730397890609168,121.87432643601747,0.5363129226782801,0.010254622815325742,0.2608415671240323,0.1907332768813468,92
Unholy,Post Malone,Indie,0.4418013375268505,0.7012811865552009,0.494097838889618,128.14392399465248,0.7068590309450049,0.17839131021383914,0.2407274504715261,0.02306799197013354,67
About Damn Time,Dua Lipa,Pop,0.6835515946753606,0.6110812908712128,0.5601974682565509,104.41003741894556,0.6659282838673675,0.05636117857344969,0.052317474379247365,0.08208548766761398,25
Hold Me Closer,Miley Cyrus,Indie,0.7062424743530865,0.7713475166956566,0.4568795245550431,120.23096627924065,0.665150898131107,0.23767642227826385,0.017659929773630765,0.012012873768502998,61
Unholy,Miley Cyrus,Latin,0.7913296623870023,0.6040664499350203,0.4195346018394599,84.72988975136276,0.2459983083645538,0.22870053490183873,0.059929440558473955,0.09193334136296577,87
Anti-Hero,Billie Eilish,Latin,0.5576193458319523,0.6588121589920837,0.5465344436163053,107.80627785180008,0.47723898205967574,0.2580563407231925,0.2512515396496472,0.14770664485166574,58
Anti-Hero,Ed Sheeran,Rock,0.5245020239654039,0.8366439789892977,0.32906343651969616,141.4230307256435,0.677683669358866,0.4919809949131166,0.20651641140658641,0.08448817170423734,84
Anti-Hero,Kendrick Lamar,Alternative,0.47295535493805435,0.4719745635405553,0.6518483617792629,109.85665807364502,0.7490271454200039,0.24187381254422569,0.1936237755698579,0.1540266378424612,40
Hold Me Closer,BTS,Indie,0.6666912579031101,0.6808381458951052,0.30220770353200765,115.94875022715644,0.5167640955199452,0.20482982783966086,0.1752329616153933,0.011116253121972154,66
Hold Me Closer,Olivia Rodrigo,Pop,0.701179969847415,0.7081535631660942,0.630895934873257,115.03808244691781,0.5640965958044901,0.13529153404743643,0.21936671111649872,0.03150088130284823,98
Anti-Hero,Post Malone,Alternative,0.47250456057810264,0.787265434525421,0.3055509012454325,114.61315349524153,0.44215877530714964,0.20452568442504016,0.05463942585242996,0.06664601111533286,87
Late Night Talking,Lizzo,K-Pop,0.6861735430156963,0.586508769261286,0.4199766943672251,108.91110583301062,0.49330281348375815,0.3471194595923629,0.25974724089396806,0.1422492282816674,94
Hold Me Closer,The Weeknd,Electronic/Dance,0.4340432123332229,0.46039746066842574,0.4121331545825735,119.92396650188056,0.357322072632931,0.04166530260263451,0.1669754898543664,0.011333560096098629,66
Unholy,Billie Eilish,Hip-Hop/Rap,0.7352187681670423,0.743332604868281,0.44277335781113963,100.4141782491002,0.19046384419568696,0.28831248760059197,0.12805869897085087,0.03456295715397837,33
Pink Venom,Miley Cyrus,Rock,0.5530453026741595,0.8457047538333512,0.7547386447732549,128.89657003968674,0.6257085922420041,0.07714628614227187,0.23260206282552584,0.12469488281745894,81
Unholy,Blackpink,R&B/Soul,0.5475679652865534,0.6059051575531722,0.5878595245401104,74.70132156587418,0.6797593607817993,0.27266888810961926,0.22331521525900064,0.19890006551266728,81
Flowers,Harry Styles,Electronic/Dance,0.5216450683137366,0.5006113972802492,0.5741363670297106,135.60048663018108,0.16540600549378714,0.4925205603034311,0.01657384491563475,0.1424515277485133,75
Flowers,Ed Sheeran,R&B/Soul,0.6797538157867005,0.3520366211154559,0.3558757295490094,86.41874955607747,0.7052674262569307,0.2512659625027733,0.24057443954088492,0.09222878221517593,20
Flowers,Billie Eilish,Hip-Hop/Rap,0.8204615167259236,0.7491299130667037,0.4466395472933977,118.50541914809429,0.19318292142789525,0.21296996904591642,0.13225140100006239,0.0987238656945638,33
Hold Me Closer,Post Malone,K-Pop,0.5443562821592327,0.782628005221403,0.5294154660882434,84.07254307557653,0.4360869189988604,0.022017943345326474,0.0689986431393754,0.03492153659879458,70
Unholy,Doja Cat,Pop,0.8288308950416926,0.6565262867815795,0.7330443785124278,119.29997752438382,0.050459907516858055,0.25313692358614315,0.12410091626862209,0.08449066924633981,31
Hold Me Closer,Post Malone,Pop,0.8481819021512845,0.7692431327193714,0.6942500195869135,112.09318105164009,0.10705360744354878,0.2908105443188446,0.17781858302219866,0.14349389892308728,67
Late Night Talking,Miley Cyrus,Indie,0.6388895038560635,0.7984035359396782,0.5099021772158748,92.41458727722033,0.6016798361497235,0.17134058865497853,0.08592289771972296,0.0003951979566246156,23
As It Was,Post Malone,Indie,0.6738266118568828,0.6288218135890271,0.6490561604814036,80.75840492420181,0.3938063148554323,0.2523336821807997,0.10705844039299085,0.032420954508401746,56
Last Night,Post Malone,K-Pop,0.5679809645678925,0.48795025325606534,0.32719773121740764,108.09444927314041,0.37568422683868646,0.23827141849139827,0.17421831977944016,0.15338507922125189,80
Break My Soul,Lil Baby,Latin,0.7526838782334626,0.526461036399166,0.6980451869015305,115.8147940556603,0.5121116160504557,0.0676275748955884,0.21521579946492767,0.057846340587900835,98
Flowers,Morgan Wallen,Country,0.60684957027501,0.7996911980920791,0.3536051547890034,137.16888569351497,0.36903165039555336,0.3024559919067207,0.02327040905059896,0.16857140017516598,89
Last Night,Blackpink,Latin,0.5495294644221702,0.4805833067974901,0.501123963244029,105.17803429966156,0.6299755988249436,0.2366096238068301,0.19493743857494245,0.18371509562291635,42
Hold Me Closer,Miley Cyrus,R&B/Soul,0.6930000676472368,0.6456077130389302,0.2990677434404083,93.70144587179875,0.34945905492273593,0.4993822311638438,0.2370436158293044,0.09506850394964073,59
About Damn Time,Morgan Wallen,Electronic/Dance,0.4268451660280644,0.4985118802308927,0.6875162525973237,113.65560518521661,0.20056487695551262,0.41035076056694125,0.15036130530090616,0.1941207981155164,97
Dynamite,Bad Bunny,Indie,0.701630488975663,0.7290382269056698,0.33715114792918854,115.54351005473384,0.6464631012254587,0.28155743149739726,0.004932009154925488,0.14073847266151043,29
Late Night Talking,Doja Cat,Alternative,0.5572450431622011,0.45830344472257845,0.6559311034979467,96.53513178792292,0.7923179962750923,0.082721912692169,0.1832876917934184,0.0046433367969689774,28
Pink Venom,Post Malone,Electronic/Dance,0.6318111307927686,0.5388312214467206,0.46662849757042596,134.20718089263164,0.7058023508395059,0.14292143034255167,0.12153295735612818,0.030915432561265166,61
Anti-Hero,Post Malone,Pop,0.8984866942568284,0.7622604853874985,0.5657248676177419,104.47140467027168,0.04345190341551595,0.4411373123840068,0.10173193865995063,0.06431731157177349,48
Last Night,Kendrick Lamar,Rock,0.3456702876179505,0.9092393053937408,0.5426337655686546,145.43221409254846,0.7422121315941543,0.2146759758197781,0.054894367699091486,0.16240756302145049,52
Late Night Talking,Lil Baby,R&B/Soul,0.4714791299254728,0.31095775321631675,0.5436586070711464,68.6587914520174,0.654488441746388,0.489430646324154,0.21254655834144742,0.12240315083165108,56
About Damn Time,Lil Baby,Alternative,0.730298972501189,0.42566400985718067,0.6455240333423858,81.91031447728196,0.10552019966629143,0.1476492332383088,0.052546948227455,0.0723713089068068,50
Last Night,Harry Styles,R&B/Soul,0.5954445676889643,0.6752293879311096,0.21719370717854983,75.78313861239756,0.022292394942547134,0.292290363407538,0.16967625968484037,0.10253862552929227,20
Late Night Talking,Miley Cyrus,Indie,0.6674836619153368,0.7200514308799811,0.6079628497894625,115.51759173361481,0.6408439360432097,0.09347001359229573,0.11719304177011866,0.06048657208758863,68
Unholy,Taylor Swift,R&B/Soul,0.6480238459534814,0.4496316546737642,0.46512793576238587,87.69183151432605,0.645230302945589,0.2549888224298515,0.15150282946826832,0.11873733028808764,67
Late Night Talking,Drake,Electronic/Dance,0.7319129830549473,0.7244612931503064,0.6136215631120698,93.36499550173268,0.29896309723634407,0.19301254076307095,0.18786282066330862,0.05094130561290118,66
Late Night Talking,Taylor Swift,R&B/Soul,0.4835256500982087,0.6310013193141846,0.2192162206670364,68.01495118698644,0.2479709062564429,0.43778669406205756,0.29849770783560936,0.10505250221504608,70
Anti-Hero,Lizzo,Alternative,0.762913711150516,0.6724680703075888,0.332277416510488,92.72470184131296,0.26277836589646286,0.17467614605611098,0.03645599043327264,0.11433074326617168,20
Kill Bill,Blackpink,K-Pop,0.4033123360807662,0.6413456050215122,0.6018386219426943,128.98325573347512,0.3266564089312822,0.05714439932426485,0.0635405236380275,0.1828067697899377,29
Last Night,Drake,Rock,0.3466020210367991,0.8618597470961145,0.37190907439797344,148.12264560434886,0.5077620770145932,0.24770877057525093,0.2974261333365507,0.00035966958442266165,82
As It Was,Bad Bunny,R&B/Soul,0.5559781439586294,0.38163891865529526,0.44349090179991923,97.27567937227707,0.4550890259062532,0.49744209606953793,0.12681789390521478,0.05787049862550411,24
Hold Me Closer,Bad Bunny,Electronic/Dance,0.40377995016884755,0.7297171027591163,0.5923845414220008,112.10299052730906,0.03224030854262266,0.4126675274878959,0.27118104278886923,0.17750943627019977,59
Unholy,Billie Eilish,Indie,0.5847003322955387,0.5346872530706611,0.664473717758016,116.41759210889767,0.6857424989324206,0.31882712744936154,0.2819922518365314,0.1092500462960806,37
Pink Venom,Ed Sheeran,R&B/Soul,0.4376580248838212,0.35027722875671036,0.42876267020078007,73.16614229710137,0.021715930802977203,0.14838088855113152,0.12632162843560055,0.07536234850203481,81
Flowers,Bad Bunny,Rock,0.6385430219676057,0.8892220004029013,0.48300121433722576,147.43356939984443,0.38511464056492084,0.333928462621571,0.10038903228828254,0.06212642946848568,64
Hold Me Closer,Bad Bunny,Rock,0.5814418529551927,0.924321068469091,0.7894852187594708,171.2898478983608,0.026024473535464488,0.24924762504427528,0.21832422052791658,0.09614151624330838,46
Unholy,Blackpink,K-Pop,0.7041609300286373,0.7748947852977794,0.5823970648646553,108.24528991508393,0.6765913208007133,0.04774716820252861,0.28300391742216013,0.13948344110303343,83
Unholy,Taylor Swift,Indie,0.5483620146427481,0.7053678711454549,0.34934723470500584,100.19101893366107,0.3940252975578646,0.3180329191649117,0.23308982500514047,0.016261789484682734,44
Break My Soul,Taylor Swift,Hip-Hop/Rap,0.8928729432708706,0.6210229031777343,0.34363101633885357,112.55690898201559,0.7422317581595864,0.419015748979669,0.1008665302679496,0.19844847302168309,71
Flowers,Olivia Rodrigo,Indie,0.6821670047912696,0.7007958041209793,0.6348205460977502,83.28956553614623,0.1489979402229678,0.3978623982986211,0.0658218591797698,0.03671515731225707,90
Unholy,Lil Baby,Electronic/Dance,0.6012557997974762,0.5209648776974238,0.6044921330577855,80.65090534531672,0.11269227270452849,0.19943667864439296,0.017971161896594257,0.008851943604583901,64
Unholy,Billie Eilish,K-Pop,0.7642735079652541,0.5153174767641157,0.456246396785278,88.16060207520161,0.38537444852942804,0.42596265871601113,0.12099106055430214,0.12023770075425125,89
Late Night Talking,Bad Bunny,K-Pop,0.7649650990965314,0.7869833140552351,0.5456242389395516,96.71206449787329,0.6436129749769863,0.255037805756583,0.22309431161539772,0.053675427089749976,72
Hold Me Closer,Kendrick Lamar,Pop,0.614200021273908,0.6670431797836174,0.7034215523713481,127.8165974995036,0.32071813047514697,0.05017017599537216,0.22215975940413754,0.11657549995978554,81
As It Was,Post Malone,Latin,0.561525663077549,0.6721851865219979,0.620589207224275,118.16546297843634,0.18274322153373374,0.08090988292508738,0.25092647857692535,0.18561148195485302,91
Hold Me Closer,Bad Bunny,Latin,0.5227229743136947,0.7156092382783715,0.674720456893445,119.4427793867279,0.22448064516849994,0.2498111343726201,0.21239185773925737,0.179101701667555,80
Hold Me Closer,Olivia Rodrigo,Electronic/Dance,0.6760486683109206,0.490914535643703,0.3742440527790806,135.8242323916719,0.5116443071765268,0.18398775879786478,0.04921867945249676,0.14852383011442605,73
Late Night Talking,Morgan Wallen,Rock,0.4949815280044382,0.7407863543462511,0.520810476875728,146.9205134471312,0.15257538787341965,0.0945404645836681,0.2037184451060538,0.09580813916506943,71
About Damn Time,The Weeknd,K-Pop,0.7595388874860187,0.6653734340907766,0.30958728481386827,85.40939479818941,0.5869199937942264,0.4201589763717967,0.11406048312756838,0.07682911640190333,72
Flowers,Taylor Swift,Electronic/Dance,0.5380689556278461,0.7848444161111336,0.3172292594552279,99.17756563579621,0.7256719018192594,0.23491770689183394,0.041756686202565604,0.11832515609786072,45
Late Night Talking,Post Malone,Alternative,0.7104532465301077,0.559523750377127,0.4956882027867174,100.63955351529751,0.7418814248616269,0.4713775951870324,0.24783262919275792,0.04867995576516997,85
Anti-Hero,Dua Lipa,Hip-Hop/Rap,0.9378296575245899,0.6555563065456106,0.6256066543901021,96.41873672270376,0.1755559913992582,0.4777266570559423,0.2050753404259308,0.04826581604155986,55
Hold Me Closer,Ariana Grande,Electronic/Dance,0.6617253930704259,0.7241006876795968,0.5924791615634948,94.85596732573507,0.6605859725189358,0.08245918480442127,0.19744420480317168,0.006614314483434681,56
Anti-Hero,Ariana Grande,Electronic/Dance,0.4918731540485979,0.5197734280150266,0.3463138897200355,112.36855149830029,0.7537294656674787,0.2339457498285057,0.19592436276654432,0.18232959349048525,82
Dynamite,BTS,K-Pop,0.500908941813891,0.4377325728426797,0.5243829829050408,128.67114854305026,0.11429886975273434,0.29787960207074904,0.27562575868833944,0.127281247728758,22
About Damn Time,Dua Lipa,Latin,0.4451317859687425,0.41971384193940664,0.47217903274384937,124.6228618281525,0.7853935438313863,0.0017803596371889219,0.20999818274750562,0.13737870904336033,43
Hold Me Closer,Drake,Hip-Hop/Rap,0.9220478769691502,0.7052894268930532,0.6258534255334409,117.70890560798398,0.732296992996937,0.21834050612354294,0.029321122926428043,0.12141868077207812,48
Dynamite,Drake,Hip-Hop/Rap,0.9492742045253693,0.8733257908384303,0.6453319062589808,91.32229890683824,0.5462215509554225,0.17753465362027637,0.1769711816920533,0.18885821041376405,28
Flowers,Miley Cyrus,Country,0.54331821177187,0.7382058322087149,0.6626985067669017,98.92348118906801,0.543911153932127,0.28388271487300953,0.05391322655947499,0.1184956293060599,21
Anti-Hero,Kendrick Lamar,R&B/Soul,0.684020687328392,0.4227485699002227,0.5871664113049547,65.75253596039386,0.225357114553412,0.44775495808939214,0.039852348011243044,0.1634649628938194,87
Dynamite,Taylor Swift,Hip-Hop/Rap,0.7834817378195216,0.7825999192803891,0.40156228630611307,83.2165460544523,0.21806550671045485,0.4963191669924964,0.09954865961743532,0.15632394620284415,35
As It Was,Justin Bieber,Pop,0.7746424923281677,0.7552982230397008,0.535885054466613,133.06945303888952,0.5412448287404134,0.11408020266166746,0.23792359794629925,0.0784037395572168,53
Flowers,Justin Bieber,Indie,0.47120353729793485,0.6959028194940992,0.4541579170748024,116.44941039656435,0.5069690063247508,0.2116377616834157,0.2345216267148648,0.10517458306117176,82
Flowers,Kendrick Lamar,Electronic/Dance,0.5953583394116483,0.7714076751761981,0.4850253310672182,105.21633984211851,0.7176688454053112,0.20237482451312527,0.17265198382318145,0.046251854948490295,62
HUMBLE.,Taylor Swift,R&B/Soul,0.6782208247200522,0.32760229414902015,0.3429453339135652,90.29050296506163,0.5131942425591022,0.23062934340768604,0.08151621989957723,0.04519096241500553,92
Unholy,Ariana Grande,K-Pop,0.7865611931128897,0.6491578095604761,0.3317913312756534,117.13249492170551,0.5825291152831731,0.14916932883808037,0.24309246184618089,0.12785726538292688,67
Late Night Talking,Post Malone,Indie,0.6168927238591012,0.7328888061315098,0.6210648841952655,130.02854661231018,0.6293295800200963,0.03713347826407454,0.007468969633706524,0.002088005542533522,71
About Damn Time,BTS,R&B/Soul,0.7922191140265011,0.33876524242378814,0.4548894515801851,91.5120803014583,0.6054471200545489,0.34828409540516964,0.12331995970014578,0.17121078147857482,74
Anti-Hero,Ed Sheeran,Country,0.6484628639313622,0.4454125786504425,0.3681580523355987,80.43630754741625,0.20903599722802904,0.1929043970029906,0.10312426216189205,0.11652366868221609,84
Flowers,Harry Styles,Country,0.5663346318762656,0.4386335667249883,0.3257845809184525,102.63946246812272,0.31918618963512535,0.39946836685275383,0.18042412232308783,0.003406237076694718,36
Vampire,Billie Eilish,Hip-Hop/Rap,0.9303396394592333,0.6188090471924546,0.6946082217852423,92.03197519425545,0.4353513105497265,0.13717267643765452,0.0027988623527365974,0.15578702781778325,38
Late Night Talking,Kendrick Lamar,K-Pop,0.5112038788657696,0.5209991563386477,0.3088258505973158,82.66743273285309,0.31794933979007906,0.43870357374439956,0.182102556144374,0.05884002488945544,77
Hold Me Closer,Bad Bunny,Electronic/Dance,0.7436850420123122,0.4209671955899412,0.5926534029692603,117.13857556976248,0.6924907515982051,0.37302373336802064,0.10161347825695016,0.05433119573189282,75
Flowers,Doja Cat,Rock,0.5607174998115017,0.7274706333514458,0.6673165856320447,153.3305429816351,0.40436137426219987,0.34585387058647404,0.2802586332997215,0.07542555677508374,35
Flowers,Lizzo,Rock,0.588459670038195,0.7866449514740559,0.47719742508861046,178.71507903200433,0.2853109708694101,0.46665716277465163,0.12432565810425589,0.02329373947100646,85
Late Night Talking,The Weeknd,K-Pop,0.4361517199829728,0.5567956654638561,0.4628922465294146,107.51749922720603,0.10435658094159486,0.19766038387967338,0.17848057803479503,0.01956332660896778,63
Late Night Talking,Lil Baby,Country,0.7171651601632241,0.6278921621059934,0.6140055046036759,83.38479950846589,0.7495858626513368,0.20836901828499294,0.24314172195337638,0.10946380398567782,25
HUMBLE.,Dua Lipa,Latin,0.7536145450421282,0.7482093607097696,0.5686790307429359,81.61360685096498,0.664298161373816,0.3132754865068585,0.13092277628348753,0.09605411296785582,63
Hold Me Closer,Ed Sheeran,R&B/Soul,0.5032410419583722,0.3190252046905085,0.21527816115994317,83.44772225984718,0.5636858828429654,0.011127208663549826,0.17913323630362402,0.019491874778190234,96
Late Night Talking,Ed Sheeran,Indie,0.7429265347146194,0.4942143101355187,0.30100283054337795,95.50832066385605,0.3820569800622264,0.21252255821884197,0.17386107180043972,0.07403271673828553,55
Pink Venom,Doja Cat,Alternative,0.49015762539906266,0.5480428122932305,0.3135948785212736,109.62977487786631,0.26351563127471644,0.16569300343965349,0.04388360607427775,0.07427042246841223,26
HUMBLE.,Harry Styles,Hip-Hop/Rap,0.7235424401181197,0.7898628643675205,0.44074384223635854,98.47605937840889,0.12931057580764946,0.27673042015326915,0.03364292945519591,0.1355278086162665,97
Anti-Hero,Harry Styles,Alternative,0.7224926684897708,0.5922283423470605,0.4349055857341574,91.77203692489519,0.5737585591380195,0.3037658459213249,0.22824942274232826,0.16455322441655712,26
Unholy,Doja Cat,Indie,0.6237766638363205,0.4856385746802002,0.394248021060154,118.47499366707004,0.569704378427686,0.05340195047887086,0.019457779622946637,0.15577759046513198,49
Flowers,Dua Lipa,Latin,0.6568797507116386,0.4675248660410581,0.5720586717875209,119.99435643213567,0.7361181752366402,0.2632941948931669,0.1443513672882073,0.060062288789729815,52
Flowers,Dua Lipa,Electronic/Dance,0.4961722861324782,0.44411291282139626,0.6845097980984227,137.65609813578698,0.5819556600817516,0.13294741150322725,0.08100338394583897,0.16674179129742994,61
Last Night,Kendrick Lamar,Hip-Hop/Rap,0.9431091391517102,0.8083926524841384,0.6158849653442788,117.65599750893114,0.5095630367705886,0.4059252882385873,0.1261340130015335,0.09904372297802239,79
Last Night,Bad Bunny,Electronic/Dance,0.6023179621298078,0.776443202893222,0.3293987816845902,133.33672364774165,0.6072843401288327,0.25266002264098575,0.20168567367359738,0.1870350710518084,21
Unholy,Ed Sheeran,K-Pop,0.7363187873366314,0.6449073480485167,0.6451750975194745,108.2010830488612,0.7742836651290197,0.4447723710619048,0.21742647389882416,0.1751752243164021,38
Hold Me Closer,Ariana Grande,Hip-Hop/Rap,0.7930390378599599,0.6267912974917075,0.5389727520409758,90.9914331507604,0.04402377840566825,0.42899110778870064,0.1876887345412455,0.18926017350292482,52
Flowers,Morgan Wallen,Pop,0.6074411412143339,0.645421273037502,0.6767120102799161,138.39315065604592,0.7436840166935674,0.15386581876696298,0.018436073064259983,0.12449179843123787,69
Unholy,Lil Baby,Hip-Hop/Rap,0.8491891933242421,0.6099864951160988,0.47461311351419644,84.6440403129601,0.32260454931031746,0.3617501023436036,0.07739023151744029,0.10679296719119596,58
